pointer_index,translation_status,english_text,korean_draft,compiled_display_text,basis,notes,failures,warnings
0,english_semantic_draft,SO FIGHT ME OR I AIN T LETTING YOU PASS,그래 싸워라! 나와 싸우지 않으면 못 지나간다,그래 싸워라 나와 싸우지 않으면 못 지나간다,english_reference,일본어 문맥 확인 필요,,"semantic_draft_not_reviewed,context_confirmation_required"
1,english_semantic_draft,HOLY SHIT,젠장!,젠장,english_reference,일본어 문맥 확인 필요,,"semantic_draft_not_reviewed,context_confirmation_required"
2,english_semantic_draft,AH SO WE MEET AGAIN,"아, 또 만났군!",아 또 만났군,english_reference,초기 보스 대사 후보,,semantic_draft_not_reviewed
3,english_semantic_draft,REMEMBER THOSE DUDES THEY RE THE ONES,그 녀석들 기억나? 저놈들이야!,그 녀석들 기억나 저놈들이야,english_reference,초기 보스 대사 후보,,semantic_draft_not_reviewed
4,english_semantic_draft,HOW DID YOU BEAT MY BOYS,내 부하들을 어떻게 이긴 거냐?,내 부하들을 어떻게 이긴 거냐,english_reference,초기 보스 대사 후보,,semantic_draft_not_reviewed
5,english_reference_reviewed,YOU FIGHT LIKE A WUS,겁쟁이처럼 싸우는군,겁쟁이처럼 싸우는군,english_reference,영어 참조 의미 대조 완료,,
6,english_semantic_draft,PLEASE LET ME JOIN YOU,나도 끼워 줘,나도 끼워 줘,english_reference,일본어 문맥 확인 필요,,"semantic_draft_not_reviewed,context_confirmation_required"
7,english_semantic_draft,HE AIN T NOTHIN,그 녀석은 아무것도 아니야,그 녀석은 아무것도 아니야,english_reference,일본어 문맥 확인 필요,,"semantic_draft_not_reviewed,context_confirmation_required"
8,english_semantic_draft,LET ME COME TOO,나도 같이 가자,나도 같이 가자,english_reference,일본어 문맥 확인 필요,,"semantic_draft_not_reviewed,context_confirmation_required"
9,english_semantic_draft,OK LET S FIGHT,"좋아, 우리도 싸우자",좋아 우리도 싸우자,english_reference,일본어 문맥 확인 필요,,"semantic_draft_not_reviewed,context_confirmation_required"
10,english_semantic_draft,I GIVE UP YOU RE TOO GOOD,항복이다! 네가 너무 강해,항복이다 네가 너무 강해,english_reference,일본어 문맥 확인 필요,,"semantic_draft_not_reviewed,context_confirmation_required"
11,english_semantic_draft,YOU AIN T SEEN NOTHIN YET,아직 진짜 실력을 못 봤다,아직 진짜 실력을 못 봤다,english_reference,일본어 문맥 확인 필요,,"semantic_draft_not_reviewed,context_confirmation_required"
12,english_semantic_draft,OK,좋아,좋아,english_reference,일본어 문맥 확인 필요,,"semantic_draft_not_reviewed,context_confirmation_required"
13,english_semantic_draft,LEMME KICK HIM,내가 저 녀석을 해치우지,내가 저 녀석을 해치우지,english_reference,일본어 문맥 확인 필요,,"semantic_draft_not_reviewed,context_confirmation_required"
14,english_semantic_draft,THANKS A LOT,정말 고맙다,정말 고맙다,english_reference,일본어 문맥 확인 필요,,"semantic_draft_not_reviewed,context_confirmation_required"
15,english_semantic_draft,ICHI WHO ARE YOU GUYS ANYWAY,너희는 대체 누구냐?,너희는 대체 누구냐,english_reference,일본어 문맥 확인 필요,,"semantic_draft_not_reviewed,context_confirmation_required"
16,english_semantic_draft,ROKU GET EM,녀석들을 잡아!,녀석들을 잡아,english_reference,일본어 문맥 확인 필요,,"semantic_draft_not_reviewed,context_confirmation_required"
17,english_semantic_draft,ROKU AARGH I LOST,아악! 내가 졌다,아악 내가 졌다,english_reference,일본어 문맥 확인 필요,,"semantic_draft_not_reviewed,context_confirmation_required"
18,english_semantic_draft,WE MAY BE BAD BUT WE DON T HURT WOMEN,우린 나쁜 놈일지 몰라도 여자는 괴롭히지 않아,우린 나쁜 놈일지 몰라도 여자는 괴롭히지 않아,english_reference,일본어 문맥 확인 필요,,"semantic_draft_not_reviewed,context_confirmation_required"
19,english_semantic_draft,WHAT I BEAT THEM,뭐라고? 내가 이겼다고?,뭐라고 내가 이겼다고,english_reference,일본어 문맥 확인 필요,,"semantic_draft_not_reviewed,context_confirmation_required"
20,english_semantic_draft,BEEG BOSS JINRO SENT ME TO KICK YOUR BUTTS,진로 큰두목이 네놈들을 혼내라고 나를 보냈다,진로 큰두목이 네놈들을 혼내라고 나를 보냈다,english_reference,이름 표기 문맥 확인 필요,,"semantic_draft_not_reviewed,context_confirmation_required"
21,english_semantic_draft,I M GONNA KICK YOUR ASSES ALL THE WAY TO CHINA,네놈들을 중국 끝까지 날려 주마,네놈들을 중국 끝까지 날려 주마,english_reference,일본어 문맥 확인 필요,,"semantic_draft_not_reviewed,context_confirmation_required"
22,english_semantic_draft,OK,좋아,좋아,english_reference,일본어 문맥 확인 필요,,"semantic_draft_not_reviewed,context_confirmation_required"
23,english_semantic_draft,JINRO WILL SEE YA NOW,이제 진로가 상대해 주마,이제 진로가 상대해 주마,english_reference,이름 표기 문맥 확인 필요,,"semantic_draft_not_reviewed,context_confirmation_required"
24,english_semantic_draft,SO YOU RE BEEG BOSS,"그래, 네가 큰두목이군",그래 네가 큰두목이군,english_reference,이름 표기 문맥 확인 필요,,"semantic_draft_not_reviewed,context_confirmation_required"
25,english_semantic_draft,I LL SHOW THESE LOSERS A THING OR TWO,이 패배자들에게 본때를 보여 주지,이 패배자들에게 본때를 보여 주지,english_reference,일본어 문맥 확인 필요,,"semantic_draft_not_reviewed,context_confirmation_required"
26,english_semantic_draft,JEEZ YOU RE TOUGH BUT HEISI WILL CRUSH YOU,정말 질기군! 하지만 헤이시가 널 쓰러뜨린다,정말 질기군 하지만 헤이시가 널 쓰러뜨린다,english_reference,이름 표기 문맥 확인 필요,,"semantic_draft_not_reviewed,context_confirmation_required"
27,english_semantic_draft,NYAH LATER,"쳇, 나중에 보자",쳇 나중에 보자,english_reference,일본어 문맥 확인 필요,,"semantic_draft_not_reviewed,context_confirmation_required"
28,english_reference_reviewed,HEY YOU RE THOSE TWO BAD ASSES,이봐! 너희가 그 대단한 두 놈이군,이봐 너희가 그 대단한 두 놈이군,english_reference,영어 참조 의미 대조 완료,,
29,english_semantic_draft,I M KINSU LET S BOOGIE,나는 긴수다! 시작해 보자,나는 긴수다 시작해 보자,english_reference,이름 표기 문맥 확인 필요,,"semantic_draft_not_reviewed,context_confirmation_required"
30,english_semantic_draft,DAMN TOO BAD YOU RE ON THE WRONG SIDE,젠장! 안타깝지만 넌 반대편이야,젠장 안타깝지만 넌 반대편이야,english_reference,일본어 문맥 확인 필요,,"semantic_draft_not_reviewed,context_confirmation_required"
31,english_semantic_draft,I M GONNA TELL MY BROTHER HEISI,내 동생 헤이시에게 말해 주마,내 동생 헤이시에게 말해 주마,english_reference,이름 표기 문맥 확인 필요,,"semantic_draft_not_reviewed,context_confirmation_required"
32,english_semantic_draft,CATCH ME IF YOU CAN,잡을 수 있으면 잡아 봐,잡을 수 있으면 잡아 봐,english_reference,일본어 문맥 확인 필요,,"semantic_draft_not_reviewed,context_confirmation_required"
33,english_semantic_draft,HEY I M HEISI,이봐! 나는 헤이시다,이봐 나는 헤이시다,english_reference,이름 표기 문맥 확인 필요,,"semantic_draft_not_reviewed,context_confirmation_required"
34,english_semantic_draft,GAWD YOU RE TOUGH,"이런, 정말 세군",이런 정말 세군,english_reference,일본어 문맥 확인 필요,,"semantic_draft_not_reviewed,context_confirmation_required"
35,english_semantic_draft,BEEG BOSS JINRO WILL FIX YOU,진로 큰두목이 널 손봐 주마,진로 큰두목이 널 손봐 주마,english_reference,이름 표기 문맥 확인 필요,,"semantic_draft_not_reviewed,context_confirmation_required"
36,english_semantic_draft,I WON T RUN,도망치지 않겠다,도망치지 않겠다,english_reference,일본어 문맥 확인 필요,,"semantic_draft_not_reviewed,context_confirmation_required"
37,english_semantic_draft,FIGHT ME NOW,지금 나와 싸워라,지금 나와 싸워라,english_reference,일본어 문맥 확인 필요,,"semantic_draft_not_reviewed,context_confirmation_required"
38,english_semantic_draft,YOU WORK FOR I THOUGHT YOU SERVED TORA,넌 누구 밑에서 일하지? 토라를 섬긴다고 들었다,넌 누구 밑에서 일하지 토라를 섬긴다고 들었다,english_reference,이름 표기 문맥 확인 필요,,"semantic_draft_not_reviewed,context_confirmation_required"
39,english_semantic_draft,SORRY PAL HEY GIMME A BREAK,미안하군 친구! 한 번만 봐 줘,미안하군 친구 한 번만 봐 줘,english_reference,일본어 문맥 확인 필요,,"semantic_draft_not_reviewed,context_confirmation_required"
40,english_semantic_draft,TAKE WITH YOU,이것을 가져가라,이것을 가져가라,english_reference,아이템 문맥 확인 필요,,"semantic_draft_not_reviewed,context_confirmation_required"
41,english_reference_reviewed,PHEW YOU NEED A BATH,"휴, 넌 목욕 좀 해야겠군",휴 넌 목욕 좀 해야겠군,english_reference,영어 참조 의미 대조 완료,,
42,english_semantic_draft,I OWE YA ONE,신세를 졌다,신세를 졌다,english_reference,일본어 문맥 확인 필요,,"semantic_draft_not_reviewed,context_confirmation_required"
43,english_semantic_draft,HERE TAKE THIS KANPOU,여기 있다! 이 한방약을 가져가라,여기 있다 이 한방약을 가져가라,english_reference,아이템 문맥 확인 필요,,"semantic_draft_not_reviewed,context_confirmation_required"
44,english_semantic_draft,USE IT TO CURE,그 약으로 상처를 치료해,그 약으로 상처를 치료해,english_reference,아이템 문맥 확인 필요,,"semantic_draft_not_reviewed,context_confirmation_required"
45,english_semantic_draft,I M TORA S HOLY GUARD PREPARE FOR HEAVEN S WRATH,나는 토라의 성스러운 수호자다! 천벌을 받아라,나는 토라의 성스러운 수호자다 천벌을 받아라,english_reference,이름 표기 문맥 확인 필요,,"semantic_draft_not_reviewed,context_confirmation_required"
46,english_semantic_draft,HEH WHAT,"허허, 뭐라고?",허허 뭐라고,english_reference,일본어 문맥 확인 필요,,"semantic_draft_not_reviewed,context_confirmation_required"
47,english_semantic_draft,LOUSY FOREIGNERS YOUR ENGLISH SUCKS,"형편없는 외지인들, 너희 영어는 엉망이군",형편없는 외지인들 너희 영어는 엉망이군,english_reference,일본어 문맥 확인 필요,,"semantic_draft_not_reviewed,context_confirmation_required"
48,english_semantic_draft,HEY GIMME A BREAK LET BYGONES BE BYGONES,"이봐! 한 번만 봐 줘, 지난 일은 잊자",이봐 한 번만 봐 줘 지난 일은 잊자,english_reference,일본어 문맥 확인 필요,,"semantic_draft_not_reviewed,context_confirmation_required"
49,english_semantic_draft,PLEASE LET ME JOIN YOU,나도 끼워 줘,나도 끼워 줘,english_reference,일본어 문맥 확인 필요,,"semantic_draft_not_reviewed,context_confirmation_required"
50,english_semantic_draft,LATER BUD,"나중에 보자, 친구",나중에 보자 친구,english_reference,일본어 문맥 확인 필요,,"semantic_draft_not_reviewed,context_confirmation_required"
51,english_semantic_draft,HEEHEE,히히,히히,english_reference,일본어 문맥 확인 필요,,"semantic_draft_not_reviewed,context_confirmation_required"
52,english_semantic_draft,NOTHING PERSONAL SORRY,"개인적인 감정은 없어, 미안하다",개인적인 감정은 없어 미안하다,english_reference,일본어 문맥 확인 필요,,"semantic_draft_not_reviewed,context_confirmation_required"
53,english_semantic_draft,YOU WORK FOR WELL I HAVE SOME NEWS,넌 누구 밑에서 일하지? 좋은 소식이 있다,넌 누구 밑에서 일하지 좋은 소식이 있다,english_reference,일본어 문맥 확인 필요,,"semantic_draft_not_reviewed,context_confirmation_required"
54,english_semantic_draft,TORA TOOK THE GIRL,토라가 그 소녀를 데려갔다,토라가 그 소녀를 데려갔다,english_reference,이름 표기 문맥 확인 필요,,"semantic_draft_not_reviewed,context_confirmation_required"
55,english_semantic_draft,I CAN T GO WITH YOU SO INSTEAD LET ME TEACH YOU,너와 함께 갈 수 없어. 대신 내가 가르쳐 주지,너와 함께 갈 수 없어 대신 내가 가르쳐 주지,english_reference,일본어 문맥 확인 필요,,"semantic_draft_not_reviewed,context_confirmation_required"
56,english_semantic_draft,MY FAMOUS DAGGER ATTACK,나의 유명한 단검 공격이다,나의 유명한 단검 공격이다,english_reference,기술 문맥 확인 필요,,"semantic_draft_not_reviewed,context_confirmation_required"
57,english_semantic_draft,I MUST LEAVE NOW,이제 떠나야 한다,이제 떠나야 한다,english_reference,일본어 문맥 확인 필요,,"semantic_draft_not_reviewed,context_confirmation_required"
58,english_semantic_draft,CATCH YA LATER,나중에 보자,나중에 보자,english_reference,일본어 문맥 확인 필요,,"semantic_draft_not_reviewed,context_confirmation_required"
59,english_semantic_draft,LOOKING FOR TORA BE CAREFUL,토라를 찾고 있다면 조심해라,토라를 찾고 있다면 조심해라,english_reference,이름 표기 문맥 확인 필요,,"semantic_draft_not_reviewed,context_confirmation_required"
60,english_semantic_draft,TORA WOULDN T KIDNAP A GIRL WOULD HE,"토라가 소녀를 납치했을 리 없어, 그렇지?",토라가 소녀를 납치했을 리 없어 그렇지,english_reference,이름 표기 문맥 확인 필요,,"semantic_draft_not_reviewed,context_confirmation_required"
61,english_semantic_draft,I M TELLING YA AND GRABBED HER,말해 두지. 토라와 부하가 그녀를 붙잡았다,말해 두지 토라와 부하가 그녀를 붙잡았다,english_reference,이름 표기 문맥 확인 필요,,"semantic_draft_not_reviewed,context_confirmation_required"
62,english_semantic_draft,THEY RE DANGEROUS,그들은 위험하다,그들은 위험하다,english_reference,일본어 문맥 확인 필요,,"semantic_draft_not_reviewed,context_confirmation_required"
63,english_semantic_draft,YOU RE I HEARD YOU RE PRETTY TOUGH,너는 아사지와 관련 있군. 꽤 강하다고 들었다,너는 아사지와 관련 있군 꽤 강하다고 들었다,english_reference,이름 표기 문맥 확인 필요,,"semantic_draft_not_reviewed,context_confirmation_required"
64,english_semantic_draft,PLEASE LET ME JOIN YOU,나도 끼워 줘,나도 끼워 줘,english_reference,일본어 문맥 확인 필요,,"semantic_draft_not_reviewed,context_confirmation_required"
65,english_semantic_draft,PLEASE,부탁한다,부탁한다,english_reference,일본어 문맥 확인 필요,,"semantic_draft_not_reviewed,context_confirmation_required"
66,english_semantic_draft,I LL BE BACK,다시 돌아오겠다,다시 돌아오겠다,english_reference,일본어 문맥 확인 필요,,"semantic_draft_not_reviewed,context_confirmation_required"
67,english_semantic_draft,YEAH WE GRABBED THE GIRL FOR THE GREAT ONE,"그래, 우리가 소녀를 잡았다. 위대한 분을 위해서다",그래 우리가 소녀를 잡았다 위대한 분을 위해서다,english_reference,이름 표기 문맥 확인 필요,,"semantic_draft_not_reviewed,context_confirmation_required"
68,english_semantic_draft,GOTTA BEAT US IF YA WANT HER BACK,그녀를 되찾고 싶다면 우리를 이겨라,그녀를 되찾고 싶다면 우리를 이겨라,english_reference,일본어 문맥 확인 필요,,"semantic_draft_not_reviewed,context_confirmation_required"
69,english_semantic_draft,THAT BOZO RAN AWAY UNBELIEVABLE,그 얼간이가 도망갔다. 믿을 수 없군,그 얼간이가 도망갔다 믿을 수 없군,english_reference,일본어 문맥 확인 필요,,"semantic_draft_not_reviewed,context_confirmation_required"
70,english_semantic_draft,FINISH IT DAMN YOU,"끝장을 내라, 이 자식아",끝장을 내라 이 자식아,english_reference,일본어 문맥 확인 필요,,"semantic_draft_not_reviewed,context_confirmation_required"
71,english_semantic_draft,YOU LL REGRET LETTING ME GO,날 놓아준 걸 후회하게 될 거다,날 놓아준 걸 후회하게 될 거다,english_reference,일본어 문맥 확인 필요,,"semantic_draft_not_reviewed,context_confirmation_required"
72,english_semantic_draft,YOU AND WHO S ARMY WILL STOP US,너희가 누구를 데려와도 우리를 막을 수 없다,너희가 누구를 데려와도 우리를 막을 수 없다,english_reference,일본어 문맥 확인 필요,,"semantic_draft_not_reviewed,context_confirmation_required"
73,english_semantic_draft,RUN WHILE YOU CAN,도망칠 수 있을 때 도망쳐라,도망칠 수 있을 때 도망쳐라,english_reference,일본어 문맥 확인 필요,,"semantic_draft_not_reviewed,context_confirmation_required"
74,english_semantic_draft,YOU AGAIN DAMN,또 너냐? 젠장,또 너냐 젠장,english_reference,일본어 문맥 확인 필요,,"semantic_draft_not_reviewed,context_confirmation_required"
75,english_semantic_draft,YOU RE A BIG JOKE,너는 정말 웃기는군,너는 정말 웃기는군,english_reference,일본어 문맥 확인 필요,,"semantic_draft_not_reviewed,context_confirmation_required"
76,english_semantic_draft,PLEASE LET ME JOIN YOU,나도 끼워 줘,나도 끼워 줘,english_reference,일본어 문맥 확인 필요,,"semantic_draft_not_reviewed,context_confirmation_required"
77,english_semantic_draft,MR THE BEEG BOSS IS BEHIND THIS,"대장님, 이 일의 배후에는 큰두목이 있다",대장님 이 일의 배후에는 큰두목이 있다,english_reference,이름 표기 문맥 확인 필요,,"semantic_draft_not_reviewed,context_confirmation_required"
78,english_semantic_draft,BE CAREFUL TORA HIRED SOME GOON CALLED ASAJI,조심해라. 토라가 아사지라는 깡패를 고용했다,조심해라 토라가 아사지라는 깡패를 고용했다,english_reference,이름 표기 문맥 확인 필요,,"semantic_draft_not_reviewed,context_confirmation_required"
79,english_semantic_draft,BEEG BOSS SAYS THANKS,큰두목이 고맙다고 전하더군,큰두목이 고맙다고 전하더군,english_reference,이름 표기 문맥 확인 필요,,"semantic_draft_not_reviewed,context_confirmation_required"
80,english_semantic_draft,WE MUST FIND OUT WHO ASAJI REALLY WORKS FOR,아사지가 정말 누구를 섬기는지 알아내야 한다,아사지가 정말 누구를 섬기는지 알아내야 한다,english_reference,이름 표기 문맥 확인 필요,,"semantic_draft_not_reviewed,context_confirmation_required"
81,english_semantic_draft,I M THE BEEG BOSS I M BAD AND I M STRONG,내가 큰두목이다. 난 나쁘고 강하다,내가 큰두목이다 난 나쁘고 강하다,english_reference,이름 표기 문맥 확인 필요,,"semantic_draft_not_reviewed,context_confirmation_required"
82,english_semantic_draft,FORGIVE ME BRO I WAS,"용서해 줘, 형제여. 내가 잘못했다",용서해 줘 형제여 내가 잘못했다,english_reference,일본어 문맥 확인 필요,,"semantic_draft_not_reviewed,context_confirmation_required"
83,english_semantic_draft,BROTHER,형제여,형제여,english_reference,일본어 문맥 확인 필요,,"semantic_draft_not_reviewed,context_confirmation_required"
84,english_semantic_draft,HEH HOW DO YOU LIKE MY INGENIOUS MASTER PLAN,"허허, 내 기막힌 계획은 어떤가?",허허 내 기막힌 계획은 어떤가,english_reference,일본어 문맥 확인 필요,,"semantic_draft_not_reviewed,context_confirmation_required"
85,english_semantic_draft,ALL WE NEED TO DO IS ELIMINATE,해야 할 일은 저자를 없애는 것뿐이다,해야 할 일은 저자를 없애는 것뿐이다,english_reference,영어 원문의 대상 토큰 확인 필요,,"semantic_draft_not_reviewed,context_confirmation_required"
86,english_semantic_draft,WATCH YOUR BACKS HEEHEE,뒤를 조심해라. 히히,뒤를 조심해라 히히,english_reference,일본어 문맥 확인 필요,,"semantic_draft_not_reviewed,context_confirmation_required"
87,english_semantic_draft,TORA I CAN T BELIEVE YOU IDIOTS GOT THIS FAR,"토라, 이 멍청이들이 여기까지 왔다니 믿을 수 없군",토라 이 멍청이들이 여기까지 왔다니 믿을 수 없군,english_reference,이름 표기 문맥 확인 필요,,"semantic_draft_not_reviewed,context_confirmation_required"
88,english_semantic_draft,ASAJI YOU TWO ARE BECOMING A NUISANCE,"아사지, 너희 둘은 골칫거리가 되어 가는군",아사지 너희 둘은 골칫거리가 되어 가는군,english_reference,이름 표기 문맥 확인 필요,,"semantic_draft_not_reviewed,context_confirmation_required"
89,english_semantic_draft,ASAJI WHAT DO YOU WANT DONE WITH THEM,"아사지, 저들을 어떻게 처리할까?",아사지 저들을 어떻게 처리할까,english_reference,이름 표기 문맥 확인 필요,,"semantic_draft_not_reviewed,context_confirmation_required"
90,english_semantic_draft,TORA I LL TAKE CARE OF THEM PERSONALLY,"토라, 내가 직접 처리하겠다",토라 내가 직접 처리하겠다,english_reference,이름 표기 문맥 확인 필요,,"semantic_draft_not_reviewed,context_confirmation_required"
91,english_reference_reviewed,GAWD YOU GUYS ARE BAD,"이런, 너희 정말 독하군",이런 너희 정말 독하군,english_reference,영어 참조 의미 대조 완료,,
92,english_semantic_draft,YA GOT BALLS,배짱은 있군,배짱은 있군,english_reference,일본어 문맥 확인 필요,,"semantic_draft_not_reviewed,context_confirmation_required"
93,english_semantic_draft,YOU RE STILL ALIVE,아직 살아 있었군,아직 살아 있었군,english_reference,일본어 문맥 확인 필요,,"semantic_draft_not_reviewed,context_confirmation_required"
94,english_semantic_draft,ASAJI YOU SORRY PIECE OF SHIT,"아사지, 이 쓸모없는 자식",아사지 이 쓸모없는 자식,english_reference,이름 표기 문맥 확인 필요,,"semantic_draft_not_reviewed,context_confirmation_required"
95,english_semantic_draft,SO WE MEET AGAIN YOU BEAT TORA WOW,"그래, 또 만났군. 토라를 이겼다고? 대단하군",그래 또 만났군 토라를 이겼다고 대단하군,english_reference,이름 표기 문맥 확인 필요,,"semantic_draft_not_reviewed,context_confirmation_required"
96,english_semantic_draft,HERE TAKE THIS CHARM,"여기 있다, 이 부적을 받아라",여기 있다 이 부적을 받아라,english_reference,아이템 문맥 확인 필요,,"semantic_draft_not_reviewed,context_confirmation_required"
97,english_reference_reviewed,ARE YOU SHITTING ME,지금 장난하냐?,지금 장난하냐,english_reference,영어 참조 의미 대조 완료,,
98,english_semantic_draft,MAYBE YOU CAN BEAT HIM NOW,이제라면 그를 이길 수 있을지도 모른다,이제라면 그를 이길 수 있을지도 모른다,english_reference,일본어 문맥 확인 필요,,"semantic_draft_not_reviewed,context_confirmation_required"
99,english_semantic_draft,FIGHT ME IF YOU GOT THE BALLS ASAJI,"배짱이 있다면 나와 싸워라, 아사지",배짱이 있다면 나와 싸워라 아사지,english_reference,이름 표기 문맥 확인 필요,,"semantic_draft_not_reviewed,context_confirmation_required"
100,english_semantic_draft,PLEASE LET ME JOIN YOU,나도 끼워 줘,나도 끼워 줘,english_reference,일본어 문맥 확인 필요,,"semantic_draft_not_reviewed,context_confirmation_required"
101,english_semantic_draft,BEEG BOSS GAVE ME THIS,큰두목이 이것을 주셨다,큰두목이 이것을 주셨다,english_reference,일본어 문맥 확인 필요,,"semantic_draft_not_reviewed,context_confirmation_required"
102,english_semantic_draft,OH NO BEEG BOSS,안 돼! 큰두목님,안 돼 큰두목님,english_reference,일본어 문맥 확인 필요,,"semantic_draft_not_reviewed,context_confirmation_required"
103,english_semantic_draft,WE LL SETTLE THIS LATER,이 일은 나중에 결판내자,이 일은 나중에 결판내자,english_reference,일본어 문맥 확인 필요,,"semantic_draft_not_reviewed,context_confirmation_required"
104,english_semantic_draft,ASAJI WE RE GONNA KICK YOUR ASS,"아사지, 너희를 박살내 주마",아사지 너희를 박살내 주마,english_reference,이름 표기 문맥 확인 필요,,"semantic_draft_not_reviewed,context_confirmation_required"
105,english_semantic_draft,BUT FIRST LET ME CLUE YOU IN,하지만 먼저 너희에게 진실을 알려 주지,하지만 먼저 너희에게 진실을 알려 주지,english_reference,일본어 문맥 확인 필요,,"semantic_draft_not_reviewed,context_confirmation_required"
106,english_reference_reviewed,YOU WERE JUST A PAWN,너희는 그저 꼭두각시였어,너희는 그저 꼭두각시였어,english_reference,영어 참조 의미 대조 완료,,
107,english_reference_reviewed,ASAJI SO PRAY WHILE YOU CAN,"아사지, 죽기 전에 실컷 기도해라",아사지 죽기 전에 실컷 기도해라,english_reference,영어 참조 의미 대조 완료,,
108,english_semantic_draft,HEH STUPID BASTARDS,"허허, 이 멍청한 자식들",허허 이 멍청한 자식들,english_reference,일본어 문맥 확인 필요,,"semantic_draft_not_reviewed,context_confirmation_required"
109,english_semantic_draft,ISN T THE MUSIC IN THIS VIDEO GAME GREAT,이 비디오 게임의 음악은 정말 멋지지 않나?,이 비디오 게임의 음악은 정말 멋지지 않나,english_reference,일본어 문맥 확인 필요,,"semantic_draft_not_reviewed,context_confirmation_required"
110,english_semantic_draft,THEY RE BACK TO HAVE THEIR ASSES KICKED AGAIN,또 얻어맞으러 돌아왔군,또 얻어맞으러 돌아왔군,english_reference,일본어 문맥 확인 필요,,"semantic_draft_not_reviewed,context_confirmation_required"
111,english_semantic_draft,HUH,어?,어,english_reference,일본어 문맥 확인 필요,,"semantic_draft_not_reviewed,context_confirmation_required"
112,english_semantic_draft,TAKE THAT WHA,받아라! 뭐라고?,받아라 뭐라고,english_reference,일본어 문맥 확인 필요,,"semantic_draft_not_reviewed,context_confirmation_required"
113,english_semantic_draft,NOW I M REALLY PISSED,이제 정말 화났다,이제 정말 화났다,english_reference,일본어 문맥 확인 필요,,"semantic_draft_not_reviewed,context_confirmation_required"
114,english_semantic_draft,AIYEE,꺄악!,꺄악,english_reference,일본어 문맥 확인 필요,,"semantic_draft_not_reviewed,context_confirmation_required"
115,english_semantic_draft,DUM DEE DUM,둠디둠,둠디둠,english_reference,의성어 문맥 확인 필요,,"semantic_draft_not_reviewed,context_confirmation_required"
116,english_semantic_draft,HEY TWERP,"이봐, 풋내기!",이봐 풋내기,english_reference,일본어 문맥 확인 필요,,"semantic_draft_not_reviewed,context_confirmation_required"
117,english_semantic_draft,ONE MO TIME,한 번만 더!,한 번만 더,english_reference,일본어 문맥 확인 필요,,"semantic_draft_not_reviewed,context_confirmation_required"
118,english_semantic_draft,ROCK N ROLL,락 앤 롤!,락 앤 롤,english_reference,일본어 문맥 확인 필요,,"semantic_draft_not_reviewed,context_confirmation_required"
119,english_semantic_draft,JEEZ THIS SUCKS,"이런, 정말 별로군",이런 정말 별로군,english_reference,일본어 문맥 확인 필요,,"semantic_draft_not_reviewed,context_confirmation_required"
120,english_semantic_draft,WHOOPS,이런!,이런,english_reference,일본어 문맥 확인 필요,,"semantic_draft_not_reviewed,context_confirmation_required"
121,english_semantic_draft,WHAT THE,이게 대체 뭐야?,이게 대체 뭐야,english_reference,특수 토큰 문맥 확인 필요,,"semantic_draft_not_reviewed,context_confirmation_required"
122,english_semantic_draft,LEMME HIT EM,내가 녀석들을 때려 주지,내가 녀석들을 때려 주지,english_reference,일본어 문맥 확인 필요,,"semantic_draft_not_reviewed,context_confirmation_required"
123,english_semantic_draft,I M GONNA KICK YOUR ASS,네놈을 박살내 주마,네놈을 박살내 주마,english_reference,일본어 문맥 확인 필요,,"semantic_draft_not_reviewed,context_confirmation_required"
124,english_semantic_draft,YA WIMP,"이봐, 겁쟁이!",이봐 겁쟁이,english_reference,일본어 문맥 확인 필요,,"semantic_draft_not_reviewed,context_confirmation_required"
125,english_semantic_draft,EAT THIS,이거나 먹어라!,이거나 먹어라,english_reference,일본어 문맥 확인 필요,,"semantic_draft_not_reviewed,context_confirmation_required"
126,english_semantic_draft,I LL REMEMBER YOU,널 기억해 두겠다,널 기억해 두겠다,english_reference,일본어 문맥 확인 필요,,"semantic_draft_not_reviewed,context_confirmation_required"
127,english_semantic_draft,EEE,으에!,으에,english_reference,일본어 문맥 확인 필요,,"semantic_draft_not_reviewed,context_confirmation_required"
128,english_semantic_draft,ARGH,으악!,으악,english_reference,일본어 문맥 확인 필요,,"semantic_draft_not_reviewed,context_confirmation_required"
129,english_semantic_draft,DICKWEED,이 자식!,이 자식,english_reference,일본어 문맥 확인 필요,,"semantic_draft_not_reviewed,context_confirmation_required"
130,english_semantic_draft,WAH,으아!,으아,english_reference,일본어 문맥 확인 필요,,"semantic_draft_not_reviewed,context_confirmation_required"
131,english_semantic_draft,GWA,꺄!,꺄,english_reference,일본어 문맥 확인 필요,,"semantic_draft_not_reviewed,context_confirmation_required"
132,english_semantic_draft,AIYEE,꺄악!,꺄악,english_reference,일본어 문맥 확인 필요,,"semantic_draft_not_reviewed,context_confirmation_required"
133,english_semantic_draft,ARGH,으악!,으악,english_reference,일본어 문맥 확인 필요,,"semantic_draft_not_reviewed,context_confirmation_required"
134,english_semantic_draft,AI YAI YAI,아야야야!,아야야야,english_reference,일본어 문맥 확인 필요,,"semantic_draft_not_reviewed,context_confirmation_required"
135,english_semantic_draft,WELCOME,어서 오세요,어서 오세요,english_reference,상점/UI 문맥 확인 필요,,"semantic_draft_not_reviewed,context_confirmation_required"
136,english_semantic_draft,WHAT WOULD YOU LIKE,무엇을 원하시나요?,무엇을 원하시나요,english_reference,상점/UI 문맥 확인 필요,,"semantic_draft_not_reviewed,context_confirmation_required"
137,english_semantic_draft,YOUR INVENTORY IS FULL,소지품이 가득 찼습니다,소지품이 가득 찼습니다,english_reference,상점/UI 문맥 확인 필요,,"semantic_draft_not_reviewed,context_confirmation_required"
138,english_semantic_draft,YOU DON T HAVE ENOUGH MONEY,돈이 부족합니다,돈이 부족합니다,english_reference,상점/UI 문맥 확인 필요,,"semantic_draft_not_reviewed,context_confirmation_required"
139,english_semantic_draft,ARE YOU SURE,정말 확실한가요?,정말 확실한가요,english_reference,상점/UI 문맥 확인 필요,,"semantic_draft_not_reviewed,context_confirmation_required"
140,english_semantic_draft,THANKS,고맙습니다,고맙습니다,english_reference,상점/UI 문맥 확인 필요,,"semantic_draft_not_reviewed,context_confirmation_required"
141,english_semantic_draft,ATE,먹었습니다,먹었습니다,english_reference,상점/UI 문맥 확인 필요,,"semantic_draft_not_reviewed,context_confirmation_required"
142,english_semantic_draft,DRANK,마셨습니다,마셨습니다,english_reference,상점/UI 문맥 확인 필요,,"semantic_draft_not_reviewed,context_confirmation_required"
143,english_semantic_draft,GOT,얻었습니다,얻었습니다,english_reference,상점/UI 문맥 확인 필요,,"semantic_draft_not_reviewed,context_confirmation_required"
144,english_semantic_draft,EQUIPPED,장착했습니다,장착했습니다,english_reference,상점/UI 문맥 확인 필요,,"semantic_draft_not_reviewed,context_confirmation_required"
145,english_semantic_draft,ANYTHING ELSE,다른 것은 더 없나요?,다른 것은 더 없나요,english_reference,상점/UI 문맥 확인 필요,,"semantic_draft_not_reviewed,context_confirmation_required"
146,english_semantic_draft,THANKS COME AGAIN,고맙습니다. 또 오세요,고맙습니다 또 오세요,english_reference,상점/UI 문맥 확인 필요,,"semantic_draft_not_reviewed,context_confirmation_required"
147,english_semantic_draft,WILL YOU STAY,여기 머무르시겠어요?,여기 머무르시겠어요,english_reference,숙박/UI 문맥 확인 필요,,"semantic_draft_not_reviewed,context_confirmation_required"
148,english_semantic_draft,PLEASE RELAX,편히 쉬세요,편히 쉬세요,english_reference,숙박/UI 문맥 확인 필요,,"semantic_draft_not_reviewed,context_confirmation_required"
149,english_semantic_draft,RESTED,회복했습니다,회복했습니다,english_reference,숙박/UI 문맥 확인 필요,,"semantic_draft_not_reviewed,context_confirmation_required"
150,english_semantic_draft,WANNA GAMBLE,도박을 해 볼래요?,도박을 해 볼래요,english_reference,도박/UI 문맥 확인 필요,,"semantic_draft_not_reviewed,context_confirmation_required"
151,english_semantic_draft,READY,준비됐습니다,준비됐습니다,english_reference,도박/UI 문맥 확인 필요,,"semantic_draft_not_reviewed,context_confirmation_required"
152,english_semantic_draft,GO NOW,지금 가세요,지금 가세요,english_reference,도박/UI 문맥 확인 필요,,"semantic_draft_not_reviewed,context_confirmation_required"
153,english_semantic_draft,WE HAVE AND,우리는 이것과 저것을 가지고 있습니다,우리는 이것과 저것을 가지고 있습니다,english_reference,아이템 변수 토큰 확인 필요,,"semantic_draft_not_reviewed,context_confirmation_required"
154,english_semantic_draft,YOU WON,이겼습니다,이겼습니다,english_reference,결과/UI 문맥 확인 필요,,"semantic_draft_not_reviewed,context_confirmation_required"
155,english_semantic_draft,YOU LOST,졌습니다,졌습니다,english_reference,결과/UI 문맥 확인 필요,,"semantic_draft_not_reviewed,context_confirmation_required"
156,english_semantic_draft,WELL,그렇군요,그렇군요,english_reference,상점/UI 문맥 확인 필요,,"semantic_draft_not_reviewed,context_confirmation_required"
157,english_semantic_draft,SANKI WELCOME BACK,"산키, 다시 오셨군요",산키 다시 오셨군요,english_reference,이름 표기 문맥 확인 필요,,"semantic_draft_not_reviewed,context_confirmation_required"
158,english_semantic_draft,NEED SOMETHING,무언가 필요하신가요?,무언가 필요하신가요,english_reference,상점/UI 문맥 확인 필요,,"semantic_draft_not_reviewed,context_confirmation_required"
159,english_semantic_draft,MY PLEASURE,천만에요,천만에요,english_reference,상점/UI 문맥 확인 필요,,"semantic_draft_not_reviewed,context_confirmation_required"
160,english_semantic_draft,NEED SOMETHING,무언가 필요하신가요?,무언가 필요하신가요,english_reference,상점/UI 문맥 확인 필요,,"semantic_draft_not_reviewed,context_confirmation_required"
161,english_semantic_draft,BE CAREFUL,조심하세요,조심하세요,english_reference,상점/UI 문맥 확인 필요,,"semantic_draft_not_reviewed,context_confirmation_required"
162,excluded_non_dialogue,,,,english_reference,단독 종료 바이트라 번역하지 않음,,
163,english_semantic_draft,CHOOSE ALLY,동료를 선택하세요,동료를 선택하세요,english_reference,메뉴/UI 문맥 확인 필요,,"semantic_draft_not_reviewed,context_confirmation_required"
164,english_semantic_draft,SANKI OKOTO HAS,"산키, 오코토는 괜찮습니다",산키 오코토는 괜찮습니다,english_reference,이름 표기 문맥 확인 필요,,"semantic_draft_not_reviewed,context_confirmation_required"
165,english_semantic_draft,SANKI TWO GUYS STRUCK LIKE LIGHTNING,"산키, 두 사람이 번개처럼 나타났습니다",산키 두 사람이 번개처럼 나타났습니다,english_reference,이름 표기 문맥 확인 필요,,"semantic_draft_not_reviewed,context_confirmation_required"
166,english_semantic_draft,SANKI I WAS HELPLESS SORRY,"산키, 저는 아무것도 못 했습니다. 미안합니다",산키 저는 아무것도 못 했습니다 미안합니다,english_reference,이름 표기 문맥 확인 필요,,"semantic_draft_not_reviewed,context_confirmation_required"
167,english_semantic_draft,IDIOTS WE LL FIND THEM,바보들! 우리가 그들을 찾을 것이다,바보들 우리가 그들을 찾을 것이다,english_reference,일본어 문맥 확인 필요,,"semantic_draft_not_reviewed,context_confirmation_required"
168,english_semantic_draft,THE KANPOU WORKED I M CURED,그 한방약이 효과가 있었어! 나았어,그 한방약이 효과가 있었어 나았어,english_reference,이름 표기 문맥 확인 필요,,"semantic_draft_not_reviewed,context_confirmation_required"
169,english_semantic_draft,AT LAST I CAN JOIN THE WAR AGAINST TORA,드디어 토라와 싸울 수 있어,드디어 토라와 싸울 수 있어,english_reference,이름 표기 문맥 확인 필요,,"semantic_draft_not_reviewed,context_confirmation_required"
170,english_semantic_draft,THIS CHARM WILL PROTECT YOU,이 부적이 너를 지켜 줄 거야,이 부적이 너를 지켜 줄 거야,english_reference,아이템 문맥 확인 필요,,"semantic_draft_not_reviewed,context_confirmation_required"
171,english_semantic_draft,I LL WAIT HERE GO SAVE OKOTO,여기서 기다릴게. 오코토를 구해 줘,여기서 기다릴게 오코토를 구해 줘,english_reference,이름 표기 문맥 확인 필요,,"semantic_draft_not_reviewed,context_confirmation_required"
172,english_semantic_draft,YEAH,그래,그래,english_reference,일본어 문맥 확인 필요,,"semantic_draft_not_reviewed,context_confirmation_required"
173,english_semantic_draft,ASAJI WHY NOT GO TO,"아사지, 후지로 가는 게 어때?",아사지 후지로 가는 게 어때,english_reference,이름 표기 문맥 확인 필요,,"semantic_draft_not_reviewed,context_confirmation_required"
174,english_semantic_draft,I D BETTER GO CHECK WITH BEEG BOSS,큰두목에게 확인하고 가야겠어,큰두목에게 확인하고 가야겠어,english_reference,일본어 문맥 확인 필요,,"semantic_draft_not_reviewed,context_confirmation_required"
175,english_semantic_draft,PLEASE LET ME GO,"부탁이야, 나를 보내 줘",부탁이야 나를 보내 줘,english_reference,일본어 문맥 확인 필요,,"semantic_draft_not_reviewed,context_confirmation_required"
176,english_semantic_draft,SOMEONE LEFT THIS AT THE DOOR,누군가 이것을 문 앞에 두고 갔어,누군가 이것을 문 앞에 두고 갔어,english_reference,일본어 문맥 확인 필요,,"semantic_draft_not_reviewed,context_confirmation_required"
177,english_semantic_draft,OKOTO WAH ASAJI KIDNAPPED ME,"오코토, 아사지가 나를 납치했어",오코토 아사지가 나를 납치했어,english_reference,이름 표기 문맥 확인 필요,,"semantic_draft_not_reviewed,context_confirmation_required"
178,english_semantic_draft,GO HOME EVERYONE S WORRIED,집에 가. 모두가 걱정하고 있어,집에 가 모두가 걱정하고 있어,english_reference,일본어 문맥 확인 필요,,"semantic_draft_not_reviewed,context_confirmation_required"
179,english_semantic_draft,OKOTO SOB THANK YOU PLEASE BE CAREFUL,"오코토, 흐느낌. 고마워. 조심해",오코토 흐느낌 고마워 조심해,english_reference,이름 표기 문맥 확인 필요,,"semantic_draft_not_reviewed,context_confirmation_required"
180,english_semantic_draft,ASAJI HAS DISAPPEARED,아사지가 사라졌어,아사지가 사라졌어,english_reference,이름 표기 문맥 확인 필요,,"semantic_draft_not_reviewed,context_confirmation_required"
181,english_semantic_draft,TSUU BROTHER WAIT,"츠우, 오빠! 기다려!",츠우 오빠 기다려,english_reference,이름 표기 문맥 확인 필요,,"semantic_draft_not_reviewed,context_confirmation_required"
182,english_semantic_draft,KUNIO HURRY SLUG MR BUNZO S IN TROUBLE,"쿠니오, 서둘러! 분조가 곤경에 빠졌어!",쿠니오 서둘러 분조가 곤경에 빠졌어,english_reference,opening_context,,semantic_draft_not_reviewed
183,english_semantic_draft,OKOTO KUNIO,"오코토, 쿠니오!",오코토 쿠니오,english_reference,opening_context,,semantic_draft_not_reviewed
184,english_semantic_draft,KUNIO I TRIED TO HURRY BACK,"쿠니오, 서둘러 돌아오려고 했어",쿠니오 서둘러 돌아오려고 했어,english_reference,opening_context,,semantic_draft_not_reviewed
185,english_semantic_draft,OKOTO THIS MAN IS,"오코토, 이 사람은",오코토 이 사람은,english_reference,일본어 문맥 확인 필요,,"semantic_draft_not_reviewed,context_confirmation_required"
186,english_semantic_draft,ASAJI HEH I M OKOTO S FIANCE,"아사지, 나는 오코토의 약혼자야",아사지 나는 오코토의 약혼자야,english_reference,이름 표기 문맥 확인 필요,,"semantic_draft_not_reviewed,context_confirmation_required"
187,english_semantic_draft,KUNIO WE LL SEE ABOUT THAT,그건 두고 보자,그건 두고 보자,english_reference,일본어 문맥 확인 필요,,"semantic_draft_not_reviewed,context_confirmation_required"
188,english_semantic_draft,ASAJI SHUT UP LOSER THE BOSS IS WAITING,"아사지, 조용히 해. 두목님이 기다리신다",아사지 조용히 해 두목님이 기다리신다,english_reference,이름 표기 문맥 확인 필요,,"semantic_draft_not_reviewed,context_confirmation_required"
189,english_semantic_draft,KUNIO OH MASTER FORGIVE MY DELAY,"오, 스승님! 늦어서 죄송합니다",오 스승님 늦어서 죄송합니다,english_reference,일본어 문맥 확인 필요,,"semantic_draft_not_reviewed,context_confirmation_required"
190,english_semantic_draft,BUNZO AH KUNIO YOU FINALLY GOT HERE,"아, 쿠니오! 드디어 왔구나",아 쿠니오 드디어 왔구나,english_reference,이름 표기 문맥 확인 필요,,"semantic_draft_not_reviewed,context_confirmation_required"
191,english_semantic_draft,BUNZO TORA HAS CURSED ME,토라가 나에게 저주를 걸었다,토라가 나에게 저주를 걸었다,english_reference,이름 표기 문맥 확인 필요,,"semantic_draft_not_reviewed,context_confirmation_required"
192,english_semantic_draft,BUNZO GO FIND A HEALER,치료사를 찾아가라,치료사를 찾아가라,english_reference,일본어 문맥 확인 필요,,"semantic_draft_not_reviewed,context_confirmation_required"
193,english_semantic_draft,BUNZO WHO HAS KANPOU,한방약을 가진 사람은 누구냐?,한방약을 가진 사람은 누구냐,english_reference,아이템 문맥 확인 필요,,"semantic_draft_not_reviewed,context_confirmation_required"
194,english_semantic_draft,KUNIO YOU CAN COUNT ON ME,나만 믿어,나만 믿어,english_reference,일본어 문맥 확인 필요,,"semantic_draft_not_reviewed,context_confirmation_required"
195,english_semantic_draft,BUNZO PLEASE HURRY,부디 서둘러라,부디 서둘러라,english_reference,일본어 문맥 확인 필요,,"semantic_draft_not_reviewed,context_confirmation_required"
196,english_semantic_draft,GOOD JOB,잘했다,잘했다,english_reference,일본어 문맥 확인 필요,,"semantic_draft_not_reviewed,context_confirmation_required"
197,english_reference_reviewed,YOU SAVED THE DAY,모두를 구했구나,모두를 구했구나,english_reference,영어 참조 의미 대조 완료,,
198,english_reference_reviewed,BY THE WAY,그런데 말이다,그런데 말이다,english_reference,영어 참조 의미 대조 완료,,
199,english_semantic_draft,OKOTO AND YOU WILL MAKE A FINE FAMILY,오코토와 너라면 훌륭한 가족이 되겠군,오코토와 너라면 훌륭한 가족이 되겠군,english_reference,이름 표기 문맥 확인 필요,,"semantic_draft_not_reviewed,context_confirmation_required"
200,english_semantic_draft,RIGHT OKOTO,"그렇지, 오코토?",그렇지 오코토,english_reference,이름 표기 문맥 확인 필요,,"semantic_draft_not_reviewed,context_confirmation_required"
201,english_semantic_draft,OKOTO OH YES,"오코토, 아 맞다",오코토 아 맞다,english_reference,이름 표기 문맥 확인 필요,,"semantic_draft_not_reviewed,context_confirmation_required"
202,english_semantic_draft,I BEG YOU,제발 부탁합니다,제발 부탁합니다,english_reference,일본어 문맥 확인 필요,,"semantic_draft_not_reviewed,context_confirmation_required"
203,english_semantic_draft,GREAT A MOMENT OF ULTIMATE HAPPINESS,좋아! 최고의 행복을 느끼는 순간이군,좋아 최고의 행복을 느끼는 순간이군,english_reference,일본어 문맥 확인 필요,,"semantic_draft_not_reviewed,context_confirmation_required"
204,english_semantic_draft,I LL ORDER SAKE TO CELEBRATE,축하주를 주문해야겠어,축하주를 주문해야겠어,english_reference,일본어 문맥 확인 필요,,"semantic_draft_not_reviewed,context_confirmation_required"
205,english_semantic_draft,I M A VAGABOND DRIFTING FROM TOWN TO TOWN,나는 떠돌이야. 마을에서 마을로 떠돌지,나는 떠돌이야 마을에서 마을로 떠돌지,english_reference,일본어 문맥 확인 필요,,"semantic_draft_not_reviewed,context_confirmation_required"
206,english_semantic_draft,OKOTO DESERVES SOMETHING MUCH BETTER,오코토에게는 훨씬 더 좋은 사람이 어울려,오코토에게는 훨씬 더 좋은 사람이 어울려,english_reference,이름 표기 문맥 확인 필요,,"semantic_draft_not_reviewed,context_confirmation_required"
207,english_semantic_draft,SORRY YOU FEEL THAT WAY BUT,그렇게 느꼈다면 미안해. 하지만,그렇게 느꼈다면 미안해 하지만,english_reference,일본어 문맥 확인 필요,,"semantic_draft_not_reviewed,context_confirmation_required"
208,english_semantic_draft,COME SEE US,언제든 우리를 만나러 와,언제든 우리를 만나러 와,english_reference,일본어 문맥 확인 필요,,"semantic_draft_not_reviewed,context_confirmation_required"
209,english_semantic_draft,WHENEVER YOU RE IN TOWN,마을에 오면 언제든 들러,마을에 오면 언제든 들러,english_reference,일본어 문맥 확인 필요,,"semantic_draft_not_reviewed,context_confirmation_required"
210,english_semantic_draft,YOU GOT IT NOW I MUST GO,알겠어. 이제 가야 해,알겠어 이제 가야 해,english_reference,일본어 문맥 확인 필요,,"semantic_draft_not_reviewed,context_confirmation_required"
211,english_semantic_draft,FAREWELL,잘 가,잘 가,english_reference,일본어 문맥 확인 필요,,"semantic_draft_not_reviewed,context_confirmation_required"
212,english_reference_reviewed,OKOTO,오코토,오코토,english_reference,영어 참조 의미 대조 완료,,
213,english_reference_reviewed,OKOTO SOB,"오코토, 흐흑",오코토 흐흑,english_reference,영어 참조 의미 대조 완료,,
214,english_semantic_draft,DUM DE DUM DOESN T THIS STORY GRAB YOU,"둠디둠, 이 이야기가 재미있지 않나?",둠디둠 이 이야기가 재미있지 않나,english_reference,엔딩 문맥 확인 필요,,"semantic_draft_not_reviewed,context_confirmation_required"
215,english_semantic_draft,YOU FINISHED IT DON T YOU HAVE A LIFE,끝냈구나. 이제 할 일이 없나?,끝냈구나 이제 할 일이 없나,english_reference,엔딩 문맥 확인 필요,,"semantic_draft_not_reviewed,context_confirmation_required"
216,english_semantic_draft,MAYBE WE LL MEET AGAIN AND KICK YOUR ASS,다시 만날지도 모르지. 그때 혼내 주마,다시 만날지도 모르지 그때 혼내 주마,english_reference,엔딩 문맥 확인 필요,,"semantic_draft_not_reviewed,context_confirmation_required"
217,english_semantic_draft,THE END,끝,끝,english_reference,엔딩 문맥 확인 필요,,"semantic_draft_not_reviewed,context_confirmation_required"
218,english_semantic_draft,S ADVENTURE BEGINS NOW,모험은 지금 시작된다,모험은 지금 시작된다,english_reference,인트로 문맥 확인 필요,,"semantic_draft_not_reviewed,context_confirmation_required"
219,english_semantic_draft,WELCOME TO,어서 오세요,어서 오세요,english_reference,인트로 문맥 확인 필요,,"semantic_draft_not_reviewed,context_confirmation_required"
220,english_semantic_draft,DOWNTOWN SPECIAL HAIL FIGHTERS,"다운타운 스페셜! 싸움꾼들이여, 환영한다",다운타운 스페셜 싸움꾼들이여 환영한다,english_reference,인트로 문맥 확인 필요,,"semantic_draft_not_reviewed,context_confirmation_required"
221,english_reference_reviewed,MEET US IN,에서 우리를 만나라,에서 우리를 만나라,english_reference,뒤따르는 장소 제어 토큰 보존,,
222,english_semantic_draft,SURUGA LAND OF MYSTERY HOME OF MT FUJI,"수수께끼의 땅 스루가, 후지산의 고향",수수께끼의 땅 스루가 후지산의 고향,english_reference,인트로 문맥 확인 필요,,"semantic_draft_not_reviewed,context_confirmation_required"
223,english_semantic_draft,ACROSS THE RAGING SEA,거친 바다를 건너,거친 바다를 건너,english_reference,인트로 문맥 확인 필요,,"semantic_draft_not_reviewed,context_confirmation_required"
224,english_reference_reviewed,DUTY CALLS AND ROMANCE,의무와 사랑이 기다린다,의무와 사랑이 기다린다,english_reference,영어 참조 의미 대조 완료,,
225,english_semantic_draft,KUNIO S LOVE AWAITS,쿠니오의 사랑이 기다린다,쿠니오의 사랑이 기다린다,english_reference,인트로 문맥 확인 필요,,"semantic_draft_not_reviewed,context_confirmation_required"
226,english_semantic_draft,OR DOES SHE,정말 그녀일까?,정말 그녀일까,english_reference,인트로 문맥 확인 필요,,"semantic_draft_not_reviewed,context_confirmation_required"
227,english_semantic_draft,USED,사용했습니다,사용했습니다,english_reference,아이템/UI 문맥 확인 필요,,"semantic_draft_not_reviewed,context_confirmation_required"
228,english_semantic_draft,ARE YOU READY FOR THIS NEW AREA YEAH,새 지역으로 갈 준비가 됐나요? 그래,새 지역으로 갈 준비가 됐나요 그래,english_reference,이벤트/UI 문맥 확인 필요,,"semantic_draft_not_reviewed,context_confirmation_required"
229,english_reference_reviewed,GAVE,주었습니다,주었습니다,english_reference,영어 참조 의미 대조 완료,,
230,english_semantic_draft,DROPPED,떨어뜨렸습니다,떨어뜨렸습니다,english_reference,아이템/UI 문맥 확인 필요,,"semantic_draft_not_reviewed,context_confirmation_required"
231,english_semantic_draft,S STATUS IS UP,상태가 올랐습니다,상태가 올랐습니다,english_reference,성장/UI 문맥 확인 필요,,"semantic_draft_not_reviewed,context_confirmation_required"
232,english_semantic_draft,S IS UP,능력치가 올랐습니다,능력치가 올랐습니다,english_reference,성장/UI 문맥 확인 필요,,"semantic_draft_not_reviewed,context_confirmation_required"
233,english_semantic_draft,S UP BY,능력치가 올랐습니다,능력치가 올랐습니다,english_reference,성장/UI 문맥 확인 필요,,"semantic_draft_not_reviewed,context_confirmation_required"
234,english_semantic_draft,S IS MAXXED,능력치가 최대입니다,능력치가 최대입니다,english_reference,성장/UI 문맥 확인 필요,,"semantic_draft_not_reviewed,context_confirmation_required"
235,english_semantic_draft,LEARNED A TECHNIQUE,기술을 배웠습니다,기술을 배웠습니다,english_reference,성장/UI 문맥 확인 필요,,"semantic_draft_not_reviewed,context_confirmation_required"
236,english_semantic_draft,STATUS LEVELS UP NOW DOUBLE,상태 레벨이 올랐습니다. 이제 두 배입니다,상태 레벨이 올랐습니다 이제 두 배입니다,english_reference,성장/UI 문맥 확인 필요,,"semantic_draft_not_reviewed,context_confirmation_required"
237,english_semantic_draft,USE MAP CURSOR TO TRAVEL,지도 커서로 이동하세요,지도 커서로 이동하세요,english_reference,지도/UI 문맥 확인 필요,,"semantic_draft_not_reviewed,context_confirmation_required"
238,english_reference_reviewed,REMOVED,해제했습니다,해제했습니다,english_reference,장비 제거 의미로 영어 참조 대조 완료,,
239,english_semantic_draft,SMILES,미소 지었습니다,미소 지었습니다,english_reference,이벤트/UI 문맥 확인 필요,,"semantic_draft_not_reviewed,context_confirmation_required"
240,english_semantic_draft,FELT LIGHTER,몸이 가벼워졌습니다,몸이 가벼워졌습니다,english_reference,이벤트/UI 문맥 확인 필요,,"semantic_draft_not_reviewed,context_confirmation_required"
241,english_semantic_draft,A GREAT MOMENT,멋진 순간입니다,멋진 순간입니다,english_reference,이벤트/UI 문맥 확인 필요,,"semantic_draft_not_reviewed,context_confirmation_required"
242,english_semantic_draft,EQUIPMENT STATS NOW DOUBLE,장비와 능력치가 이제 두 배입니다,장비와 능력치가 이제 두 배입니다,english_reference,성장/UI 문맥 확인 필요,,"semantic_draft_not_reviewed,context_confirmation_required"
243,english_semantic_draft,FELL,넘어졌습니다,넘어졌습니다,english_reference,이벤트/UI 문맥 확인 필요,,"semantic_draft_not_reviewed,context_confirmation_required"
244,excluded_non_dialogue,,,,english_reference,단독 변수 종료 레코드라 번역하지 않음,,
245,english_semantic_draft,FAMILY,가족,가족,english_reference,엔딩/UI 문맥 확인 필요,,"semantic_draft_not_reviewed,context_confirmation_required"
246,excluded_non_dialogue,MF A J S X B C,,,english_reference,코드/데이터 블록으로 보이며 대사 패치에서 제외,,
247,excluded_non_dialogue,,,,english_reference,포인터 테이블 외부 소유자이며 대사 레코드 아님,,
