frame	label	pc	a	x	y	text_1a	stream_05	stream_07	source_byte	buf7000	buf7001	buf7002	buf7003	buf7004	buf7005	buf7006
646	parser	915A	88	00	00	B1A6	0000	0000	88	00	00	00	00	00	00	00
646	emit_prep	955F	88	00	00	B1A6	0000	0000	88	00	00	00	00	00	00	00
646	emit_dispatch	9593	23	18	00	B1A6	0000	0000	88	00	00	00	00	00	00	00
648	parser	915A	96	00	01	B1A6	0000	0000	96	00	00	00	00	00	00	00
648	emit_prep	955F	96	00	01	B1A6	0000	0000	96	00	00	00	00	00	00	00
648	emit_dispatch	9593	23	1E	01	B1A6	0000	0000	96	00	00	00	00	00	00	00
650	parser	915A	9F	00	02	B1A6	0000	0000	9F	00	00	00	00	00	00	00
650	emit_prep	955F	9F	00	02	B1A6	0000	0000	9F	00	00	00	00	00	00	00
650	emit_dispatch	9593	23	24	02	B1A6	0000	0000	9F	00	00	00	00	00	00	00
652	parser	915A	8B	00	03	B1A6	0000	0000	8B	00	00	00	00	00	00	00
652	emit_prep	955F	8B	00	03	B1A6	0000	0000	8B	00	00	00	00	00	00	00
652	emit_dispatch	9593	23	2A	03	B1A6	0000	0000	8B	00	00	00	00	00	00	00
654	parser	915A	BB	00	04	B1A6	0000	0000	BB	00	00	00	00	00	00	00
654	emit_prep	955F	BB	00	04	B1A6	0000	0000	BB	00	00	00	00	00	00	00
654	emit_dispatch	9593	23	30	04	B1A6	0000	0000	BB	00	00	00	00	00	00	00
656	parser	915A	9A	00	05	B1A6	0000	0000	9A	00	00	00	00	00	00	00
656	emit_prep	955F	9A	00	05	B1A6	0000	0000	9A	00	00	00	00	00	00	00
656	emit_dispatch	9593	23	36	05	B1A6	0000	0000	9A	00	00	00	00	00	00	00
658	parser	915A	A4	00	06	B1A6	0000	0000	A4	00	00	00	00	00	00	00
658	emit_prep	955F	A4	00	06	B1A6	0000	0000	A4	00	00	00	00	00	00	00
658	emit_dispatch	9593	23	3C	06	B1A6	0000	0000	A4	00	00	00	00	00	00	00
660	parser	915A	88	00	07	B1A6	0000	0000	88	00	00	00	00	00	00	00
660	emit_prep	955F	88	00	07	B1A6	0000	0000	88	00	00	00	00	00	00	00
660	emit_dispatch	9593	23	42	07	B1A6	0000	0000	88	00	00	00	00	00	00	00
662	parser	915A	8C	00	08	B1A6	0000	0000	8C	00	00	00	00	00	00	00
662	emit_prep	955F	8C	00	08	B1A6	0000	0000	8C	00	00	00	00	00	00	00
662	emit_dispatch	9593	23	48	08	B1A6	0000	0000	8C	00	00	00	00	00	00	00
664	parser	915A	98	00	09	B1A6	0000	0000	98	00	00	00	00	00	00	00
664	emit_prep	955F	98	00	09	B1A6	0000	0000	98	00	00	00	00	00	00	00
664	emit_dispatch	9593	23	4E	09	B1A6	0000	0000	98	00	00	00	00	00	00	00
666	parser	915A	B2	00	0A	B1A6	0000	0000	B2	00	00	00	00	00	00	00
666	emit_prep	955F	B2	00	0A	B1A6	0000	0000	B2	00	00	00	00	00	00	00
666	emit_dispatch	9593	23	54	0A	B1A6	0000	0000	B2	00	00	00	00	00	00	00
668	parser	915A	86	00	0B	B1A6	0000	0000	86	00	00	00	00	00	00	00
668	emit_prep	955F	86	00	0B	B1A6	0000	0000	86	00	00	00	00	00	00	00
668	emit_dispatch	9593	23	5A	0B	B1A6	0000	0000	86	00	00	00	00	00	00	00
670	parser	915A	82	00	0C	B1A6	0000	0000	82	00	00	00	00	00	00	00
670	emit_prep	955F	82	00	0C	B1A6	0000	0000	82	00	00	00	00	00	00	00
670	emit_dispatch	9593	23	60	0C	B1A6	0000	0000	82	00	00	00	00	00	00	00
672	parser	915A	CA	00	0D	B1A6	0000	0000	CA	00	00	00	00	00	00	00
672	emit_prep	955F	CA	00	0D	B1A6	0000	0000	CA	00	00	00	00	00	00	00
672	emit_dispatch	9593	23	66	0D	B1A6	0000	0000	CA	00	00	00	00	00	00	00
674	parser	915A	F8	00	0E	B1A6	0000	0000	F8	00	00	00	00	00	00	00
674	parser	915A	F9	01	0F	B1A6	0000	0000	F9	00	00	00	00	00	00	00
676	parser	915A	00	01	10	B1A6	0000	0000	00	00	00	00	00	00	00	00
676	emit_prep	955F	00	01	10	B1A6	0000	0000	00	00	00	00	00	00	00	00
676	emit_dispatch	9593	23	6C	10	B1A6	0000	0000	00	00	00	00	00	00	00	00
678	parser	915A	1C	01	11	B1A6	0000	0000	1C	00	00	00	00	00	00	00
678	emit_prep	955F	1C	01	11	B1A6	0000	0000	1C	00	00	00	00	00	00	00
678	emit_dispatch	9593	23	72	11	B1A6	0000	0000	1C	00	00	00	00	00	00	00
680	parser	915A	AE	01	12	B1A6	0000	0000	AE	00	00	00	00	00	00	00
680	emit_prep	955F	AE	01	12	B1A6	0000	0000	AE	00	00	00	00	00	00	00
680	emit_dispatch	9593	23	78	12	B1A6	0000	0000	AE	00	00	00	00	00	00	00
682	parser	915A	0F	01	13	B1A6	0000	0000	0F	00	00	00	00	00	00	00
682	emit_prep	955F	0F	01	13	B1A6	0000	0000	0F	00	00	00	00	00	00	00
682	emit_dispatch	9593	23	7E	13	B1A6	0000	0000	0F	00	00	00	00	00	00	00
684	parser	915A	83	01	14	B1A6	0000	0000	83	00	00	00	00	00	00	00
684	emit_prep	955F	83	01	14	B1A6	0000	0000	83	00	00	00	00	00	00	00
684	emit_dispatch	9593	23	84	14	B1A6	0000	0000	83	00	00	00	00	00	00	00
686	parser	915A	85	01	15	B1A6	0000	0000	85	00	00	00	00	00	00	00
686	emit_prep	955F	85	01	15	B1A6	0000	0000	85	00	00	00	00	00	00	00
686	emit_dispatch	9593	23	8A	15	B1A6	0000	0000	85	00	00	00	00	00	00	00
688	parser	915A	A4	01	16	B1A6	0000	0000	A4	00	00	00	00	00	00	00
688	emit_prep	955F	A4	01	16	B1A6	0000	0000	A4	00	00	00	00	00	00	00
688	emit_dispatch	9593	23	90	16	B1A6	0000	0000	A4	00	00	00	00	00	00	00
690	parser	915A	1C	01	17	B1A6	0000	0000	1C	00	00	00	00	00	00	00
690	emit_prep	955F	1C	01	17	B1A6	0000	0000	1C	00	00	00	00	00	00	00
690	emit_dispatch	9593	23	96	17	B1A6	0000	0000	1C	00	00	00	00	00	00	00
692	parser	915A	AE	01	18	B1A6	0000	0000	AE	00	00	00	00	00	00	00
692	emit_prep	955F	AE	01	18	B1A6	0000	0000	AE	00	00	00	00	00	00	00
692	emit_dispatch	9593	23	9C	18	B1A6	0000	0000	AE	00	00	00	00	00	00	00
694	parser	915A	06	01	19	B1A6	0000	0000	06	00	00	00	00	00	00	00
694	emit_prep	955F	06	01	19	B1A6	0000	0000	06	00	00	00	00	00	00	00
694	emit_dispatch	9593	23	A2	19	B1A6	0000	0000	06	00	00	00	00	00	00	00
696	parser	915A	00	01	1A	B1A6	0000	0000	00	00	00	00	00	00	00	00
696	emit_prep	955F	00	01	1A	B1A6	0000	0000	00	00	00	00	00	00	00	00
696	emit_dispatch	9593	23	A8	1A	B1A6	0000	0000	00	00	00	00	00	00	00	00
698	parser	915A	93	01	1B	B1A6	0000	0000	93	00	00	00	00	00	00	00
698	emit_prep	955F	93	01	1B	B1A6	0000	0000	93	00	00	00	00	00	00	00
698	emit_dispatch	9593	23	AE	1B	B1A6	0000	0000	93	00	00	00	00	00	00	00
700	parser	915A	B2	01	1C	B1A6	0000	0000	B2	00	00	00	00	00	00	00
700	emit_prep	955F	B2	01	1C	B1A6	0000	0000	B2	00	00	00	00	00	00	00
700	emit_dispatch	9593	23	B4	1C	B1A6	0000	0000	B2	00	00	00	00	00	00	00
702	parser	915A	9D	01	1D	B1A6	0000	0000	9D	00	00	00	00	00	00	00
702	emit_prep	955F	9D	01	1D	B1A6	0000	0000	9D	00	00	00	00	00	00	00
702	emit_dispatch	9593	23	BA	1D	B1A6	0000	0000	9D	00	00	00	00	00	00	00
704	parser	915A	AE	01	1E	B1A6	0040	0000	AE	00	00	00	00	00	00	00
704	emit_prep	955F	AE	01	1E	B1A6	0040	0000	AE	00	00	00	00	00	00	00
704	emit_dispatch	9593	23	C0	1E	B1A6	0040	0000	AE	00	00	00	00	00	00	00
706	parser	915A	95	01	1F	B1A6	0040	0000	95	00	00	00	00	00	00	00
706	emit_prep	955F	95	01	1F	B1A6	0040	0000	95	00	00	00	00	00	00	00
706	emit_dispatch	9593	23	C6	1F	B1A6	0040	0000	95	00	00	00	00	00	00	00
708	parser	915A	AE	01	20	B1A6	0040	0000	AE	00	00	00	00	00	00	00
708	emit_prep	955F	AE	01	20	B1A6	0040	0000	AE	00	00	00	00	00	00	00
708	emit_dispatch	9593	23	CC	20	B1A6	0040	0000	AE	00	00	00	00	00	00	00
710	parser	915A	13	01	21	B1A6	0040	0000	13	00	00	00	00	00	00	00
710	emit_prep	955F	13	01	21	B1A6	0040	0000	13	00	00	00	00	00	00	00
710	emit_dispatch	9593	23	D2	21	B1A6	0040	0000	13	00	00	00	00	00	00	00
712	parser	915A	84	01	22	B1A6	0040	0000	84	00	00	00	00	00	00	00
712	emit_prep	955F	84	01	22	B1A6	0040	0000	84	00	00	00	00	00	00	00
712	emit_dispatch	9593	23	D8	22	B1A6	0040	0000	84	00	00	00	00	00	00	00
714	parser	915A	CA	01	23	B1A6	0040	0000	CA	00	00	00	00	00	00	00
714	emit_prep	955F	CA	01	23	B1A6	0040	0000	CA	00	00	00	00	00	00	00
714	emit_dispatch	9593	23	DE	23	B1A6	0040	0000	CA	00	00	00	00	00	00	00
716	parser	915A	FF	01	24	B1A6	0000	0000	FF	00	00	00	00	00	00	00
