frame	ppu_address	value	pc
1726	2000	00	FDF5
1726	2001	00	FDF5
1726	2002	00	FDF5
1726	2003	00	FDF5
1726	2004	00	FDF5
1726	2005	00	FDF5
1726	2006	00	FDF5
1726	2007	00	FDF5
1726	2008	00	FDF5
1726	2009	00	FDF5
1726	200A	00	FDF5
1726	200B	00	FDF5
1726	200C	00	FDF5
1726	200D	00	FDF5
1726	200E	00	FDF5
1726	200F	00	FDF5
1726	2010	00	FDF5
1726	2011	00	FDF5
1726	2012	00	FDF5
1726	2013	00	FDF5
1726	2014	00	FDF5
1726	2015	00	FDF5
1726	2016	00	FDF5
1726	2017	00	FDF5
1726	2018	00	FDF5
1726	2019	00	FDF5
1726	201A	00	FDF5
1726	201B	00	FDF5
1726	201C	00	FDF5
1726	201D	00	FDF5
1726	201E	00	FDF5
1726	201F	00	FDF5
1726	2020	00	FDF5
1726	2021	00	FDF5
1726	2022	00	FDF5
1726	2023	00	FDF5
1726	2024	00	FDF5
1726	2025	00	FDF5
1726	2026	00	FDF5
1726	2027	00	FDF5
1726	2028	00	FDF5
1726	2029	00	FDF5
1726	202A	00	FDF5
1726	202B	00	FDF5
1726	202C	00	FDF5
1726	202D	00	FDF5
1726	202E	00	FDF5
1726	202F	00	FDF5
1726	2030	00	FDF5
1726	2031	00	FDF5
1726	2032	00	FDF5
1726	2033	00	FDF5
1726	2034	00	FDF5
1726	2035	00	FDF5
1726	2036	00	FDF5
1726	2037	00	FDF5
1726	2038	00	FDF5
1726	2039	00	FDF5
1726	203A	00	FDF5
1726	203B	00	FDF5
1726	203C	00	FDF5
1726	203D	00	FDF5
1726	203E	00	FDF5
1726	203F	00	FDF5
1726	2040	00	FDF5
1726	2041	00	FDF5
1726	2042	00	FDF5
1726	2043	00	FDF5
1726	2044	00	FDF5
1726	2045	00	FDF5
1726	2046	00	FDF5
1726	2047	00	FDF5
1726	2048	00	FDF5
1726	2049	00	FDF5
1726	204A	00	FDF5
1726	204B	00	FDF5
1726	204C	00	FDF5
1726	204D	00	FDF5
1726	204E	00	FDF5
1726	204F	00	FDF5
1726	2050	00	FDF5
1726	2051	00	FDF5
1726	2052	00	FDF5
1726	2053	00	FDF5
1726	2054	00	FDF5
1726	2055	00	FDF5
1726	2056	00	FDF5
1726	2057	00	FDF5
1726	2058	00	FDF5
1726	2059	00	FDF5
1726	205A	00	FDF5
1726	205B	00	FDF5
1726	205C	00	FDF5
1726	205D	00	FDF5
1726	205E	00	FDF5
1726	205F	00	FDF5
1726	2060	00	FDF5
1726	2061	00	FDF5
1726	2062	00	FDF5
1726	2063	00	FDF5
1726	2064	00	FDF5
1726	2065	00	FDF5
1726	2066	00	FDF5
1726	2067	00	FDF5
1726	2068	00	FDF5
1726	2069	00	FDF5
1726	206A	00	FDF5
1726	206B	00	FDF5
1726	206C	00	FDF5
1726	206D	00	FDF5
1726	206E	00	FDF5
1726	206F	00	FDF5
1726	2070	00	FDF5
1726	2071	00	FDF5
1726	2072	00	FDF5
1726	2073	00	FDF5
1726	2074	00	FDF5
1726	2075	00	FDF5
1726	2076	00	FDF5
1726	2077	00	FDF5
1726	2078	00	FDF5
1726	2079	00	FDF5
1726	207A	00	FDF5
1726	207B	00	FDF5
1726	207C	00	FDF5
1726	207D	00	FDF5
1726	207E	00	FDF5
1726	207F	00	FDF5
1726	2080	00	FDF5
1726	2081	00	FDF5
1726	2082	00	FDF5
1726	2083	00	FDF5
1726	2084	00	FDF5
1726	2085	00	FDF5
1726	2086	00	FDF5
1726	2087	00	FDF5
1726	2088	00	FDF5
1726	2089	00	FDF5
1726	208A	00	FDF5
1726	208B	00	FDF5
1726	208C	00	FDF5
1726	208D	00	FDF5
1726	208E	00	FDF5
1726	208F	00	FDF5
1726	2090	00	FDF5
1726	2091	00	FDF5
1726	2092	00	FDF5
1726	2093	00	FDF5
1726	2094	00	FDF5
1726	2095	00	FDF5
1726	2096	00	FDF5
1726	2097	00	FDF5
1726	2098	00	FDF5
1726	2099	00	FDF5
1726	209A	00	FDF5
1726	209B	00	FDF5
1726	209C	00	FDF5
1726	209D	00	FDF5
1726	209E	00	FDF5
1726	209F	00	FDF5
1726	20A0	00	FDF5
1726	20A1	00	FDF5
1726	20A2	00	FDF5
1726	20A3	00	FDF5
1726	20A4	00	FDF5
1726	20A5	00	FDF5
1726	20A6	00	FDF5
1726	20A7	00	FDF5
1726	20A8	00	FDF5
1726	20A9	00	FDF5
1726	20AA	00	FDF5
1726	20AB	00	FDF5
1726	20AC	00	FDF5
1726	20AD	00	FDF5
1726	20AE	00	FDF5
1726	20AF	00	FDF5
1726	20B0	00	FDF5
1726	20B1	00	FDF5
1726	20B2	00	FDF5
1726	20B3	00	FDF5
1726	20B4	00	FDF5
1726	20B5	00	FDF5
1726	20B6	00	FDF5
1726	20B7	00	FDF5
1726	20B8	00	FDF5
1726	20B9	00	FDF5
1726	20BA	00	FDF5
1726	20BB	00	FDF5
1726	20BC	00	FDF5
1726	20BD	00	FDF5
1726	20BE	00	FDF5
1726	20BF	00	FDF5
1726	20C0	00	FDF5
1726	20C1	00	FDF5
1726	20C2	00	FDF5
1726	20C3	00	FDF5
1726	20C4	00	FDF5
1726	20C5	00	FDF5
1726	20C6	00	FDF5
1726	20C7	00	FDF5
1726	20C8	00	FDF5
1726	20C9	00	FDF5
1726	20CA	00	FDF5
1726	20CB	00	FDF5
1726	20CC	00	FDF5
1726	20CD	00	FDF5
1726	20CE	00	FDF5
1726	20CF	00	FDF5
1726	20D0	00	FDF5
1726	20D1	00	FDF5
1726	20D2	00	FDF5
1726	20D3	00	FDF5
1726	20D4	00	FDF5
1726	20D5	00	FDF5
1726	20D6	00	FDF5
1726	20D7	00	FDF5
1726	20D8	00	FDF5
1726	20D9	00	FDF5
1726	20DA	00	FDF5
1726	20DB	00	FDF5
1726	20DC	00	FDF5
1726	20DD	00	FDF5
1726	20DE	00	FDF5
1726	20DF	00	FDF5
1726	20E0	00	FDF5
1726	20E1	00	FDF5
1726	20E2	00	FDF5
1726	20E3	00	FDF5
1726	20E4	00	FDF5
1726	20E5	00	FDF5
1726	20E6	00	FDF5
1726	20E7	00	FDF5
1726	20E8	00	FDF5
1726	20E9	00	FDF5
1726	20EA	00	FDF5
1726	20EB	00	FDF5
1726	20EC	00	FDF5
1726	20ED	00	FDF5
1726	20EE	00	FDF5
1726	20EF	00	FDF5
1726	20F0	00	FDF5
1726	20F1	00	FDF5
1726	20F2	00	FDF5
1726	20F3	00	FDF5
1726	20F4	00	FDF5
1726	20F5	00	FDF5
1726	20F6	00	FDF5
1726	20F7	00	FDF5
1726	20F8	00	FDF5
1726	20F9	00	FDF5
1726	20FA	00	FDF5
1726	20FB	00	FDF5
1726	20FC	00	FDF5
1726	20FD	00	FDF5
1726	20FE	00	FDF5
1726	20FF	00	FDF5
1726	2100	00	FDF5
1726	2101	00	FDF5
1726	2102	00	FDF5
1726	2103	00	FDF5
1726	2104	00	FDF5
1726	2105	00	FDF5
1726	2106	00	FDF5
1726	2107	00	FDF5
1726	2108	00	FDF5
1726	2109	00	FDF5
1726	210A	00	FDF5
1726	210B	00	FDF5
1726	210C	00	FDF5
1726	210D	00	FDF5
1726	210E	00	FDF5
1726	210F	00	FDF5
1726	2110	00	FDF5
1726	2111	00	FDF5
1726	2112	00	FDF5
1726	2113	00	FDF5
1726	2114	00	FDF5
1726	2115	00	FDF5
1726	2116	00	FDF5
1726	2117	00	FDF5
1726	2118	00	FDF5
1726	2119	00	FDF5
1726	211A	00	FDF5
1726	211B	00	FDF5
1726	211C	00	FDF5
1726	211D	00	FDF5
1726	211E	00	FDF5
1726	211F	00	FDF5
1726	2120	00	FDF5
1726	2121	00	FDF5
1726	2122	00	FDF5
1726	2123	00	FDF5
1726	2124	00	FDF5
1726	2125	00	FDF5
1726	2126	00	FDF5
1726	2127	00	FDF5
1726	2128	00	FDF5
1726	2129	00	FDF5
1726	212A	00	FDF5
1726	212B	00	FDF5
1726	212C	00	FDF5
1726	212D	00	FDF5
1726	212E	00	FDF5
1726	212F	00	FDF5
1726	2130	00	FDF5
1726	2131	00	FDF5
1726	2132	00	FDF5
1726	2133	00	FDF5
1726	2134	00	FDF5
1726	2135	00	FDF5
1726	2136	00	FDF5
1726	2137	00	FDF5
1726	2138	00	FDF5
1726	2139	00	FDF5
1726	213A	00	FDF5
1726	213B	00	FDF5
1726	213C	00	FDF5
1726	213D	00	FDF5
1726	213E	00	FDF5
1726	213F	00	FDF5
1726	2140	00	FDF5
1726	2141	00	FDF5
1726	2142	00	FDF5
1726	2143	00	FDF5
1726	2144	00	FDF5
1726	2145	00	FDF5
1726	2146	00	FDF5
1726	2147	00	FDF5
1726	2148	00	FDF5
1726	2149	00	FDF5
1726	214A	00	FDF5
1726	214B	00	FDF5
1726	214C	00	FDF5
1726	214D	00	FDF5
1726	214E	00	FDF5
1726	214F	00	FDF5
1726	2150	00	FDF5
1726	2151	00	FDF5
1726	2152	00	FDF5
1726	2153	00	FDF5
1726	2154	00	FDF5
1726	2155	00	FDF5
1726	2156	00	FDF5
1726	2157	00	FDF5
1726	2158	00	FDF5
1726	2159	00	FDF5
1726	215A	00	FDF5
1726	215B	00	FDF5
1726	215C	00	FDF5
1726	215D	00	FDF5
1726	215E	00	FDF5
1726	215F	00	FDF5
1726	2160	00	FDF5
1726	2161	00	FDF5
1726	2162	00	FDF5
1726	2163	00	FDF5
1726	2164	00	FDF5
1726	2165	00	FDF5
1726	2166	00	FDF5
1726	2167	00	FDF5
1726	2168	00	FDF5
1726	2169	00	FDF5
1726	216A	00	FDF5
1726	216B	00	FDF5
1726	216C	00	FDF5
1726	216D	00	FDF5
1726	216E	00	FDF5
1726	216F	00	FDF5
1726	2170	00	FDF5
1726	2171	00	FDF5
1726	2172	00	FDF5
1726	2173	00	FDF5
1726	2174	00	FDF5
1726	2175	00	FDF5
1726	2176	00	FDF5
1726	2177	00	FDF5
1726	2178	00	FDF5
1726	2179	00	FDF5
1726	217A	00	FDF5
1726	217B	00	FDF5
1726	217C	00	FDF5
1726	217D	00	FDF5
1726	217E	00	FDF5
1726	217F	00	FDF5
1726	2180	00	FDF5
1726	2181	00	FDF5
1726	2182	00	FDF5
1726	2183	00	FDF5
1726	2184	00	FDF5
1726	2185	00	FDF5
1726	2186	00	FDF5
1726	2187	00	FDF5
1726	2188	00	FDF5
1726	2189	00	FDF5
1726	218A	00	FDF5
1726	218B	00	FDF5
1726	218C	00	FDF5
1726	218D	00	FDF5
1726	218E	00	FDF5
1726	218F	00	FDF5
1726	2190	00	FDF5
1726	2191	00	FDF5
1726	2192	00	FDF5
1726	2193	00	FDF5
1726	2194	00	FDF5
1726	2195	00	FDF5
1726	2196	00	FDF5
1726	2197	00	FDF5
1726	2198	00	FDF5
1726	2199	00	FDF5
1726	219A	00	FDF5
1726	219B	00	FDF5
1726	219C	00	FDF5
1726	219D	00	FDF5
1726	219E	00	FDF5
1726	219F	00	FDF5
1726	21A0	00	FDF5
1726	21A1	00	FDF5
1726	21A2	00	FDF5
1726	21A3	00	FDF5
1726	21A4	00	FDF5
1726	21A5	00	FDF5
1726	21A6	00	FDF5
1726	21A7	00	FDF5
1726	21A8	00	FDF5
1726	21A9	00	FDF5
1726	21AA	00	FDF5
1726	21AB	00	FDF5
1726	21AC	00	FDF5
1726	21AD	00	FDF5
1726	21AE	00	FDF5
1726	21AF	00	FDF5
1726	21B0	00	FDF5
1726	21B1	00	FDF5
1726	21B2	00	FDF5
1726	21B3	00	FDF5
1726	21B4	00	FDF5
1726	21B5	00	FDF5
1726	21B6	00	FDF5
1726	21B7	00	FDF5
1726	21B8	00	FDF5
1726	21B9	00	FDF5
1726	21BA	00	FDF5
1726	21BB	00	FDF5
1726	21BC	00	FDF5
1726	21BD	00	FDF5
1726	21BE	00	FDF5
1726	21BF	00	FDF5
1726	21C0	00	FDF5
1726	21C1	00	FDF5
1726	21C2	00	FDF5
1726	21C3	00	FDF5
1726	21C4	00	FDF5
1726	21C5	00	FDF5
1726	21C6	00	FDF5
1726	21C7	00	FDF5
1726	21C8	00	FDF5
1726	21C9	00	FDF5
1726	21CA	00	FDF5
1726	21CB	00	FDF5
1726	21CC	00	FDF5
1726	21CD	00	FDF5
1726	21CE	00	FDF5
1726	21CF	00	FDF5
1726	21D0	00	FDF5
1726	21D1	00	FDF5
1726	21D2	00	FDF5
1726	21D3	00	FDF5
1726	21D4	00	FDF5
1726	21D5	00	FDF5
1726	21D6	00	FDF5
1726	21D7	00	FDF5
1726	21D8	00	FDF5
1726	21D9	00	FDF5
1726	21DA	00	FDF5
1726	21DB	00	FDF5
1726	21DC	00	FDF5
1726	21DD	00	FDF5
1726	21DE	00	FDF5
1726	21DF	00	FDF5
1726	21E0	00	FDF5
1726	21E1	00	FDF5
1726	21E2	00	FDF5
1726	21E3	00	FDF5
1726	21E4	00	FDF5
1726	21E5	00	FDF5
1726	21E6	00	FDF5
1726	21E7	00	FDF5
1726	21E8	00	FDF5
1726	21E9	00	FDF5
1726	21EA	00	FDF5
1726	21EB	00	FDF5
1726	21EC	00	FDF5
1726	21ED	00	FDF5
1726	21EE	00	FDF5
1726	21EF	00	FDF5
1726	21F0	00	FDF5
1726	21F1	00	FDF5
1726	21F2	00	FDF5
1726	21F3	00	FDF5
1726	21F4	00	FDF5
1726	21F5	00	FDF5
1726	21F6	00	FDF5
1726	21F7	00	FDF5
1726	21F8	00	FDF5
1726	21F9	00	FDF5
1726	21FA	00	FDF5
1726	21FB	00	FDF5
1726	21FC	00	FDF5
1726	21FD	00	FDF5
1726	21FE	00	FDF5
1726	21FF	00	FDF5
1726	2200	00	FDF5
1726	2201	00	FDF5
1726	2202	00	FDF5
1726	2203	00	FDF5
1726	2204	00	FDF5
1726	2205	00	FDF5
1726	2206	00	FDF5
1726	2207	00	FDF5
1726	2208	00	FDF5
1726	2209	00	FDF5
1726	220A	00	FDF5
1726	220B	00	FDF5
1726	220C	00	FDF5
1726	220D	00	FDF5
1726	220E	00	FDF5
1726	220F	00	FDF5
1726	2210	00	FDF5
1726	2211	00	FDF5
1726	2212	00	FDF5
1726	2213	00	FDF5
1726	2214	00	FDF5
1726	2215	00	FDF5
1726	2216	00	FDF5
1726	2217	00	FDF5
1726	2218	00	FDF5
1726	2219	00	FDF5
1726	221A	00	FDF5
1726	221B	00	FDF5
1726	221C	00	FDF5
1726	221D	00	FDF5
1726	221E	00	FDF5
1726	221F	00	FDF5
1726	2220	00	FDF5
1726	2221	00	FDF5
1726	2222	00	FDF5
1726	2223	00	FDF5
1726	2224	00	FDF5
1726	2225	00	FDF5
1726	2226	00	FDF5
1726	2227	00	FDF5
1726	2228	00	FDF5
1726	2229	00	FDF5
1726	222A	00	FDF5
1726	222B	00	FDF5
1726	222C	00	FDF5
1726	222D	00	FDF5
1726	222E	00	FDF5
1726	222F	00	FDF5
1726	2230	00	FDF5
1726	2231	00	FDF5
1726	2232	00	FDF5
1726	2233	00	FDF5
1726	2234	00	FDF5
1726	2235	00	FDF5
1726	2236	00	FDF5
1726	2237	00	FDF5
1726	2238	00	FDF5
1726	2239	00	FDF5
1726	223A	00	FDF5
1726	223B	00	FDF5
1726	223C	00	FDF5
1726	223D	00	FDF5
1726	223E	00	FDF5
1726	223F	00	FDF5
1726	2240	00	FDF5
1726	2241	00	FDF5
1726	2242	00	FDF5
1726	2243	00	FDF5
1726	2244	00	FDF5
1726	2245	00	FDF5
1726	2246	00	FDF5
1726	2247	00	FDF5
1726	2248	00	FDF5
1726	2249	00	FDF5
1726	224A	00	FDF5
1726	224B	00	FDF5
1726	224C	00	FDF5
1726	224D	00	FDF5
1726	224E	00	FDF5
1726	224F	00	FDF5
1726	2250	00	FDF5
1726	2251	00	FDF5
1726	2252	00	FDF5
1726	2253	00	FDF5
1726	2254	00	FDF5
1726	2255	00	FDF5
1726	2256	00	FDF5
1726	2257	00	FDF5
1726	2258	00	FDF5
1726	2259	00	FDF5
1726	225A	00	FDF5
1726	225B	00	FDF5
1726	225C	00	FDF5
1726	225D	00	FDF5
1726	225E	00	FDF5
1726	225F	00	FDF5
1726	2260	00	FDF5
1726	2261	00	FDF5
1726	2262	00	FDF5
1726	2263	00	FDF5
1726	2264	00	FDF5
1726	2265	00	FDF5
1726	2266	00	FDF5
1726	2267	00	FDF5
1726	2268	00	FDF5
1726	2269	00	FDF5
1726	226A	00	FDF5
1726	226B	00	FDF5
1726	226C	00	FDF5
1726	226D	00	FDF5
1726	226E	00	FDF5
1726	226F	00	FDF5
1726	2270	00	FDF5
1726	2271	00	FDF5
1726	2272	00	FDF5
1726	2273	00	FDF5
1726	2274	00	FDF5
1726	2275	00	FDF5
1726	2276	00	FDF5
1726	2277	00	FDF5
1726	2278	00	FDF5
1726	2279	00	FDF5
1726	227A	00	FDF5
1726	227B	00	FDF5
1726	227C	00	FDF5
1726	227D	00	FDF5
1726	227E	00	FDF5
1726	227F	00	FDF5
1726	2280	00	FDF5
1726	2281	00	FDF5
1726	2282	00	FDF5
1726	2283	00	FDF5
1726	2284	00	FDF5
1726	2285	00	FDF5
1726	2286	00	FDF5
1726	2287	00	FDF5
1726	2288	00	FDF5
1726	2289	00	FDF5
1726	228A	00	FDF5
1726	228B	00	FDF5
1726	228C	00	FDF5
1726	228D	00	FDF5
1726	228E	00	FDF5
1726	228F	00	FDF5
1726	2290	00	FDF5
1726	2291	00	FDF5
1726	2292	00	FDF5
1726	2293	00	FDF5
1726	2294	00	FDF5
1726	2295	00	FDF5
1726	2296	00	FDF5
1726	2297	00	FDF5
1726	2298	00	FDF5
1726	2299	00	FDF5
1726	229A	00	FDF5
1726	229B	00	FDF5
1726	229C	00	FDF5
1726	229D	00	FDF5
1726	229E	00	FDF5
1726	229F	00	FDF5
1726	22A0	00	FDF5
1726	22A1	00	FDF5
1726	22A2	00	FDF5
1726	22A3	00	FDF5
1726	22A4	00	FDF5
1726	22A5	00	FDF5
1726	22A6	00	FDF5
1726	22A7	00	FDF5
1726	22A8	00	FDF5
1726	22A9	00	FDF5
1726	22AA	00	FDF5
1726	22AB	00	FDF5
1726	22AC	00	FDF5
1726	22AD	00	FDF5
1726	22AE	00	FDF5
1726	22AF	00	FDF5
1726	22B0	00	FDF5
1726	22B1	00	FDF5
1726	22B2	00	FDF5
1726	22B3	00	FDF5
1726	22B4	00	FDF5
1726	22B5	00	FDF5
1726	22B6	00	FDF5
1726	22B7	00	FDF5
1726	22B8	00	FDF5
1726	22B9	00	FDF5
1726	22BA	00	FDF5
1726	22BB	00	FDF5
1726	22BC	00	FDF5
1726	22BD	00	FDF5
1726	22BE	00	FDF5
1726	22BF	00	FDF5
1726	22C0	00	FDF5
1726	22C1	00	FDF5
1726	22C2	00	FDF5
1726	22C3	00	FDF5
1726	22C4	00	FDF5
1726	22C5	00	FDF5
1726	22C6	00	FDF5
1726	22C7	00	FDF5
1726	22C8	00	FDF5
1726	22C9	00	FDF5
1726	22CA	00	FDF5
1726	22CB	00	FDF5
1726	22CC	00	FDF5
1726	22CD	00	FDF5
1726	22CE	00	FDF5
1726	22CF	00	FDF5
1726	22D0	00	FDF5
1726	22D1	00	FDF5
1726	22D2	00	FDF5
1726	22D3	00	FDF5
1726	22D4	00	FDF5
1726	22D5	00	FDF5
1726	22D6	00	FDF5
1726	22D7	00	FDF5
1726	22D8	00	FDF5
1726	22D9	00	FDF5
1726	22DA	00	FDF5
1726	22DB	00	FDF5
1726	22DC	00	FDF5
1726	22DD	00	FDF5
1726	22DE	00	FDF5
1726	22DF	00	FDF5
1726	22E0	00	FDF5
1726	22E1	00	FDF5
1726	22E2	00	FDF5
1726	22E3	00	FDF5
1726	22E4	00	FDF5
1726	22E5	00	FDF5
1726	22E6	00	FDF5
1726	22E7	00	FDF5
1726	22E8	00	FDF5
1726	22E9	00	FDF5
1726	22EA	00	FDF5
1726	22EB	00	FDF5
1726	22EC	00	FDF5
1726	22ED	00	FDF5
1726	22EE	00	FDF5
1726	22EF	00	FDF5
1726	22F0	00	FDF5
1726	22F1	00	FDF5
1726	22F2	00	FDF5
1726	22F3	00	FDF5
1726	22F4	00	FDF5
1726	22F5	00	FDF5
1726	22F6	00	FDF5
1726	22F7	00	FDF5
1726	22F8	00	FDF5
1726	22F9	00	FDF5
1726	22FA	00	FDF5
1726	22FB	00	FDF5
1726	22FC	00	FDF5
1726	22FD	00	FDF5
1726	22FE	00	FDF5
1726	22FF	00	FDF5
1726	2300	00	FDF5
1726	2301	00	FDF5
1726	2302	00	FDF5
1726	2303	00	FDF5
1726	2304	00	FDF5
1726	2305	00	FDF5
1726	2306	00	FDF5
1726	2307	00	FDF5
1726	2308	00	FDF5
1726	2309	00	FDF5
1726	230A	00	FDF5
1726	230B	00	FDF5
1726	230C	00	FDF5
1726	230D	00	FDF5
1726	230E	00	FDF5
1726	230F	00	FDF5
1726	2310	00	FDF5
1726	2311	00	FDF5
1726	2312	00	FDF5
1726	2313	00	FDF5
1726	2314	00	FDF5
1726	2315	00	FDF5
1726	2316	00	FDF5
1726	2317	00	FDF5
1726	2318	00	FDF5
1726	2319	00	FDF5
1726	231A	00	FDF5
1726	231B	00	FDF5
1726	231C	00	FDF5
1726	231D	00	FDF5
1726	231E	00	FDF5
1726	231F	00	FDF5
1726	2320	00	FDF5
1726	2321	00	FDF5
1726	2322	00	FDF5
1726	2323	00	FDF5
1726	2324	00	FDF5
1726	2325	00	FDF5
1726	2326	00	FDF5
1726	2327	00	FDF5
1726	2328	00	FDF5
1726	2329	00	FDF5
1726	232A	00	FDF5
1726	232B	00	FDF5
1726	232C	00	FDF5
1726	232D	00	FDF5
1726	232E	00	FDF5
1726	232F	00	FDF5
1726	2330	00	FDF5
1726	2331	00	FDF5
1726	2332	00	FDF5
1726	2333	00	FDF5
1726	2334	00	FDF5
1726	2335	00	FDF5
1726	2336	00	FDF5
1726	2337	00	FDF5
1726	2338	00	FDF5
1726	2339	00	FDF5
1726	233A	00	FDF5
1726	233B	00	FDF5
1726	233C	00	FDF5
1726	233D	00	FDF5
1726	233E	00	FDF5
1726	233F	00	FDF5
1726	2340	00	FDF5
1726	2341	00	FDF5
1726	2342	00	FDF5
1726	2343	00	FDF5
1726	2344	00	FDF5
1726	2345	00	FDF5
1726	2346	00	FDF5
1726	2347	00	FDF5
1726	2348	00	FDF5
1726	2349	00	FDF5
1726	234A	00	FDF5
1726	234B	00	FDF5
1726	234C	00	FDF5
1726	234D	00	FDF5
1726	234E	00	FDF5
1726	234F	00	FDF5
1726	2350	00	FDF5
1726	2351	00	FDF5
1726	2352	00	FDF5
1726	2353	00	FDF5
1726	2354	00	FDF5
1726	2355	00	FDF5
1726	2356	00	FDF5
1726	2357	00	FDF5
1726	2358	00	FDF5
1726	2359	00	FDF5
1726	235A	00	FDF5
1726	235B	00	FDF5
1726	235C	00	FDF5
1726	235D	00	FDF5
1726	235E	00	FDF5
1726	235F	00	FDF5
1726	2360	00	FDF5
1726	2361	00	FDF5
1726	2362	00	FDF5
1726	2363	00	FDF5
1726	2364	00	FDF5
1726	2365	00	FDF5
1726	2366	00	FDF5
1726	2367	00	FDF5
1726	2368	00	FDF5
1726	2369	00	FDF5
1726	236A	00	FDF5
1726	236B	00	FDF5
1726	236C	00	FDF5
1726	236D	00	FDF5
1726	236E	00	FDF5
1726	236F	00	FDF5
1726	2370	00	FDF5
1726	2371	00	FDF5
1726	2372	00	FDF5
1726	2373	00	FDF5
1726	2374	00	FDF5
1726	2375	00	FDF5
1726	2376	00	FDF5
1726	2377	00	FDF5
1726	2378	00	FDF5
1726	2379	00	FDF5
1726	237A	00	FDF5
1726	237B	00	FDF5
1726	237C	00	FDF5
1726	237D	00	FDF5
1726	237E	00	FDF5
1726	237F	00	FDF5
1726	2380	00	FDF5
1726	2381	00	FDF5
1726	2382	00	FDF5
1726	2383	00	FDF5
1726	2384	00	FDF5
1726	2385	00	FDF5
1726	2386	00	FDF5
1726	2387	00	FDF5
1726	2388	00	FDF5
1726	2389	00	FDF5
1726	238A	00	FDF5
1726	238B	00	FDF5
1726	238C	00	FDF5
1726	238D	00	FDF5
1726	238E	00	FDF5
1726	238F	00	FDF5
1726	2390	00	FDF5
1726	2391	00	FDF5
1726	2392	00	FDF5
1726	2393	00	FDF5
1726	2394	00	FDF5
1726	2395	00	FDF5
1726	2396	00	FDF5
1726	2397	00	FDF5
1726	2398	00	FDF5
1726	2399	00	FDF5
1726	239A	00	FDF5
1726	239B	00	FDF5
1726	239C	00	FDF5
1726	239D	00	FDF5
1726	239E	00	FDF5
1726	239F	00	FDF5
1726	23A0	00	FDF5
1726	23A1	00	FDF5
1726	23A2	00	FDF5
1726	23A3	00	FDF5
1726	23A4	00	FDF5
1726	23A5	00	FDF5
1726	23A6	00	FDF5
1726	23A7	00	FDF5
1726	23A8	00	FDF5
1726	23A9	00	FDF5
1726	23AA	00	FDF5
1726	23AB	00	FDF5
1726	23AC	00	FDF5
1726	23AD	00	FDF5
1726	23AE	00	FDF5
1726	23AF	00	FDF5
1726	23B0	00	FDF5
1726	23B1	00	FDF5
1726	23B2	00	FDF5
1726	23B3	00	FDF5
1726	23B4	00	FDF5
1726	23B5	00	FDF5
1726	23B6	00	FDF5
1726	23B7	00	FDF5
1726	23B8	00	FDF5
1726	23B9	00	FDF5
1726	23BA	00	FDF5
1726	23BB	00	FDF5
1726	23BC	00	FDF5
1726	23BD	00	FDF5
1726	23BE	00	FDF5
1726	23BF	00	FDF5
1737	2363	95	D728
1737	2364	93	D72F
1737	2365	85	D736
1737	2366	00	D73D
1737	2367	00	D744
1737	2368	00	D74B
1737	2369	00	D752
1737	236A	00	D759
1737	236B	92	D760
1737	236C	85	D767
1737	236D	8D	D76E
1737	236E	8F	D775
1737	236F	96	D77C
1737	2370	85	D783
1737	2371	00	D78A
1737	2372	00	D791
1737	2373	87	D798
1737	2374	89	D79F
1737	2375	96	D7A6
1737	2376	85	D7AD
1737	2377	00	D7B4
1737	2378	00	D7BB
1737	2379	00	D7C2
1737	237A	00	D7C9
1737	237B	84	D7D0
1737	237C	92	D7D7
1737	237D	90	D7DE
1737	234C	B8	D7DE
1737	2080	7A	D759
1737	20A0	7A	D760
1737	20C0	7A	D767
1737	20E0	7A	D76E
1737	2100	7A	D775
1737	2120	7A	D77C
1737	2140	7A	D783
1737	2160	7A	D78A
1737	2180	7A	D791
1737	21A0	7A	D798
1737	21C0	7A	D79F
1737	21E0	7A	D7A6
1737	2200	7A	D7AD
1737	2220	7A	D7B4
1737	2240	7A	D7BB
1737	2260	7A	D7C2
1737	2280	7A	D7C9
1737	22A0	7A	D7D0
1737	22C0	7A	D7D7
1737	22E0	7A	D7DE
1738	2081	7A	D759
1738	20A1	7A	D760
1738	20C1	7A	D767
1738	20E1	7A	D76E
1738	2101	7A	D775
1738	2121	7A	D77C
1738	2141	7A	D783
1738	2161	7A	D78A
1738	2181	7A	D791
1738	21A1	7A	D798
1738	21C1	7A	D79F
1738	21E1	7A	D7A6
1738	2201	7A	D7AD
1738	2221	7A	D7B4
1738	2241	7A	D7BB
1738	2261	7A	D7C2
1738	2281	7A	D7C9
1738	22A1	7A	D7D0
1738	22C1	7A	D7D7
1738	22E1	7A	D7DE
1738	2082	7A	D759
1738	20A2	7A	D760
1738	20C2	7A	D767
1738	20E2	7A	D76E
1738	2102	7A	D775
1738	2122	7A	D77C
1738	2142	7A	D783
1738	2162	7A	D78A
1738	2182	7A	D791
1738	21A2	7A	D798
1738	21C2	7A	D79F
1738	21E2	7A	D7A6
1738	2202	7A	D7AD
1738	2222	7A	D7B4
1738	2242	7A	D7BB
1738	2262	7A	D7C2
1738	2282	7A	D7C9
1738	22A2	7A	D7D0
1738	22C2	7A	D7D7
1738	22E2	7A	D7DE
1738	2083	7A	D759
1738	20A3	7A	D760
1738	20C3	7A	D767
1738	20E3	7A	D76E
1738	2103	7A	D775
1738	2123	7A	D77C
1738	2143	7A	D783
1738	2163	7A	D78A
1738	2183	7A	D791
1738	21A3	7A	D798
1738	21C3	7A	D79F
1738	21E3	7A	D7A6
1738	2203	7A	D7AD
1738	2223	7A	D7B4
1738	2243	7A	D7BB
1738	2263	7A	D7C2
1738	2283	7A	D7C9
1738	22A3	7A	D7D0
1738	22C3	7A	D7D7
1738	22E3	7A	D7DE
1738	2084	7A	D759
1738	20A4	7A	D760
1738	20C4	7A	D767
1738	20E4	7A	D76E
1738	2104	7A	D775
1738	2124	7A	D77C
1738	2144	7A	D783
1738	2164	7A	D78A
1738	2184	7A	D791
1738	21A4	7A	D798
1738	21C4	7A	D79F
1738	21E4	7A	D7A6
1738	2204	7A	D7AD
1738	2224	7A	D7B4
1738	2244	7A	D7BB
1738	2264	7A	D7C2
1738	2284	7A	D7C9
1738	22A4	7A	D7D0
1738	22C4	7A	D7D7
1738	22E4	7A	D7DE
1738	2085	7A	D759
1738	20A5	7A	D760
1738	20C5	7A	D767
1738	20E5	7A	D76E
1738	2105	7A	D775
1738	2125	7A	D77C
1738	2145	7A	D783
1738	2165	7A	D78A
1738	2185	7A	D791
1738	21A5	7A	D798
1738	21C5	7A	D79F
1738	21E5	7A	D7A6
1738	2205	7A	D7AD
1738	2225	7A	D7B4
1738	2245	7A	D7BB
1738	2265	7A	D7C2
1738	2285	7A	D7C9
1738	22A5	7A	D7D0
1738	22C5	7A	D7D7
1738	22E5	7A	D7DE
1738	2086	7A	D759
1738	20A6	FF	D760
1738	20C6	7A	D767
1738	20E6	7A	D76E
1738	2106	0E	D775
1738	2126	7A	D77C
1738	2146	7A	D783
1738	2166	7A	D78A
1738	2186	7A	D791
1738	21A6	7A	D798
1738	21C6	7A	D79F
1738	21E6	7A	D7A6
1738	2206	7A	D7AD
1738	2226	7A	D7B4
1738	2246	7A	D7BB
1738	2266	7A	D7C2
1738	2286	7A	D7C9
1738	22A6	7A	D7D0
1738	22C6	7A	D7D7
1738	22E6	7A	D7DE
1738	2087	7A	D759
1738	20A7	7A	D760
1738	20C7	7A	D767
1738	20E7	7A	D76E
1738	2107	0F	D775
1738	2127	7A	D77C
1738	2147	7A	D783
1738	2167	7A	D78A
1738	2187	7A	D791
1738	21A7	7A	D798
1738	21C7	7A	D79F
1738	21E7	7A	D7A6
1738	2207	7A	D7AD
1738	2227	7A	D7B4
1738	2247	7A	D7BB
1738	2267	7A	D7C2
1738	2287	7A	D7C9
1738	22A7	7A	D7D0
1738	22C7	7A	D7D7
1738	22E7	7A	D7DE
1738	2088	7A	D759
1738	20A8	0B	D760
1738	20C8	7A	D767
1738	20E8	7A	D76E
1738	2108	0E	D775
1738	2128	7A	D77C
1738	2148	7A	D783
1738	2168	7A	D78A
1738	2188	7A	D791
1738	21A8	7A	D798
1738	21C8	7A	D79F
1738	21E8	7A	D7A6
1738	2208	7A	D7AD
1738	2228	7A	D7B4
1738	2248	7A	D7BB
1738	2268	7A	D7C2
1738	2288	7A	D7C9
1738	22A8	7A	D7D0
1738	22C8	7A	D7D7
1738	22E8	7A	D7DE
1738	2089	7A	D759
1738	20A9	15	D760
1738	20C9	7A	D767
1738	20E9	7A	D76E
1738	2109	05	D775
1738	2129	7A	D77C
1738	2149	7A	D783
1738	2169	7A	D78A
1738	2189	7A	D791
1738	21A9	7A	D798
1738	21C9	7A	D79F
1738	21E9	7A	D7A6
1738	2209	7A	D7AD
1738	2229	7A	D7B4
1738	2249	7A	D7BB
1738	2269	7A	D7C2
1738	2289	7A	D7C9
1738	22A9	7A	D7D0
1738	22C9	7A	D7D7
1738	22E9	7A	D7DE
1739	208A	7A	D759
1739	20AA	0E	D760
1739	20CA	7A	D767
1739	20EA	7A	D76E
1739	210A	38	D775
1739	212A	7A	D77C
1739	214A	7A	D783
1739	216A	7A	D78A
1739	218A	7A	D791
1739	21AA	7A	D798
1739	21CA	7A	D79F
1739	21EA	7A	D7A6
1739	220A	7A	D7AD
1739	222A	7A	D7B4
1739	224A	7A	D7BB
1739	226A	7A	D7C2
1739	228A	7A	D7C9
1739	22AA	7A	D7D0
1739	22CA	7A	D7D7
1739	22EA	7A	D7DE
1739	208B	7A	D759
1739	20AB	09	D760
1739	20CB	7A	D767
1739	20EB	7A	D76E
1739	210B	7A	D775
1739	212B	7A	D77C
1739	214B	7A	D783
1739	216B	7A	D78A
1739	218B	7A	D791
1739	21AB	7A	D798
1739	21CB	7A	D79F
1739	21EB	7A	D7A6
1739	220B	7A	D7AD
1739	222B	7A	D7B4
1739	224B	7A	D7BB
1739	226B	7A	D7C2
1739	228B	7A	D7C9
1739	22AB	7A	D7D0
1739	22CB	7A	D7D7
1739	22EB	7A	D7DE
1739	208C	7A	D759
1739	20AC	0F	D760
1739	20CC	7A	D767
1739	20EC	7A	D76E
1739	210C	7A	D775
1739	212C	7A	D77C
1739	214C	7A	D783
1739	216C	7A	D78A
1739	218C	7A	D791
1739	21AC	7A	D798
1739	21CC	7A	D79F
1739	21EC	7A	D7A6
1739	220C	7A	D7AD
1739	222C	7A	D7B4
1739	224C	7A	D7BB
1739	226C	7A	D7C2
1739	228C	7A	D7C9
1739	22AC	7A	D7D0
1739	22CC	7A	D7D7
1739	22EC	7A	D7DE
1739	208D	7A	D759
1739	20AD	36	D760
1739	20CD	7A	D767
1739	20ED	7A	D76E
1739	210D	7A	D775
1739	212D	7A	D77C
1739	214D	7A	D783
1739	216D	7A	D78A
1739	218D	7A	D791
1739	21AD	7A	D798
1739	21CD	7A	D79F
1739	21ED	7A	D7A6
1739	220D	7A	D7AD
1739	222D	7A	D7B4
1739	224D	7A	D7BB
1739	226D	7A	D7C2
1739	228D	7A	D7C9
1739	22AD	7A	D7D0
1739	22CD	7A	D7D7
1739	22ED	7A	D7DE
1739	208E	7A	D759
1739	20AE	13	D760
1739	20CE	7A	D767
1739	20EE	7A	D76E
1739	210E	7A	D775
1739	212E	7A	D77C
1739	214E	7A	D783
1739	216E	7A	D78A
1739	218E	7A	D791
1739	21AE	7A	D798
1739	21CE	7A	D79F
1739	21EE	7A	D7A6
1739	220E	7A	D7AD
1739	222E	7A	D7B4
1739	224E	7A	D7BB
1739	226E	7A	D7C2
1739	228E	7A	D7C9
1739	22AE	7A	D7D0
1739	22CE	7A	D7D7
1739	22EE	7A	D7DE
1739	208F	7A	D759
1739	20AF	7A	D760
1739	20CF	7A	D767
1739	20EF	7A	D76E
1739	210F	7A	D775
1739	212F	7A	D77C
1739	214F	7A	D783
1739	216F	7A	D78A
1739	218F	7A	D791
1739	21AF	7A	D798
1739	21CF	7A	D79F
1739	21EF	7A	D7A6
1739	220F	7A	D7AD
1739	222F	7A	D7B4
1739	224F	7A	D7BB
1739	226F	7A	D7C2
1739	228F	7A	D7C9
1739	22AF	7A	D7D0
1739	22CF	7A	D7D7
1739	22EF	7A	D7DE
1739	2090	7A	D759
1739	20B0	09	D760
1739	20D0	7A	D767
1739	20F0	7A	D76E
1739	2110	7A	D775
1739	2130	7A	D77C
1739	2150	7A	D783
1739	2170	7A	D78A
1739	2190	7A	D791
1739	21B0	7A	D798
1739	21D0	7A	D79F
1739	21F0	7A	D7A6
1739	2210	7A	D7AD
1739	2230	7A	D7B4
1739	2250	7A	D7BB
1739	2270	7A	D7C2
1739	2290	7A	D7C9
1739	22B0	7A	D7D0
1739	22D0	7A	D7D7
1739	22F0	7A	D7DE
1739	2091	7A	D759
1739	20B1	14	D760
1739	20D1	7A	D767
1739	20F1	7A	D76E
1739	2111	7A	D775
1739	2131	7A	D77C
1739	2151	7A	D783
1739	2171	7A	D78A
1739	2191	7A	D791
1739	21B1	7A	D798
1739	21D1	7A	D79F
1739	21F1	7A	D7A6
1739	2211	7A	D7AD
1739	2231	7A	D7B4
1739	2251	7A	D7BB
1739	2271	7A	D7C2
1739	2291	7A	D7C9
1739	22B1	7A	D7D0
1739	22D1	7A	D7D7
1739	22F1	7A	D7DE
1739	2092	7A	D759
1739	20B2	05	D760
1739	20D2	7A	D767
1739	20F2	7A	D76E
1739	2112	7A	D775
1739	2132	7A	D77C
1739	2152	7A	D783
1739	2172	7A	D78A
1739	2192	7A	D791
1739	21B2	7A	D798
1739	21D2	7A	D79F
1739	21F2	7A	D7A6
1739	2212	7A	D7AD
1739	2232	7A	D7B4
1739	2252	7A	D7BB
1739	2272	7A	D7C2
1739	2292	7A	D7C9
1739	22B2	7A	D7D0
1739	22D2	7A	D7D7
1739	22F2	7A	D7DE
1740	2093	7A	D759
1740	20B3	0D	D760
1740	20D3	7A	D767
1740	20F3	7A	D76E
1740	2113	7A	D775
1740	2133	7A	D77C
1740	2153	7A	D783
1740	2173	7A	D78A
1740	2193	7A	D791
1740	21B3	7A	D798
1740	21D3	7A	D79F
1740	21F3	7A	D7A6
1740	2213	7A	D7AD
1740	2233	7A	D7B4
1740	2253	7A	D7BB
1740	2273	7A	D7C2
1740	2293	7A	D7C9
1740	22B3	7A	D7D0
1740	22D3	7A	D7D7
1740	22F3	7A	D7DE
1740	2094	7A	D759
1740	20B4	13	D760
1740	20D4	7A	D767
1740	20F4	7A	D76E
1740	2114	7A	D775
1740	2134	7A	D77C
1740	2154	7A	D783
1740	2174	7A	D78A
1740	2194	7A	D791
1740	21B4	7A	D798
1740	21D4	7A	D79F
1740	21F4	7A	D7A6
1740	2214	7A	D7AD
1740	2234	7A	D7B4
1740	2254	7A	D7BB
1740	2274	7A	D7C2
1740	2294	7A	D7C9
1740	22B4	7A	D7D0
1740	22D4	7A	D7D7
1740	22F4	7A	D7DE
1740	2095	7A	D759
1740	20B5	7A	D760
1740	20D5	7A	D767
1740	20F5	7A	D76E
1740	2115	7A	D775
1740	2135	7A	D77C
1740	2155	7A	D783
1740	2175	7A	D78A
1740	2195	7A	D791
1740	21B5	7A	D798
1740	21D5	7A	D79F
1740	21F5	7A	D7A6
1740	2215	7A	D7AD
1740	2235	7A	D7B4
1740	2255	7A	D7BB
1740	2275	7A	D7C2
1740	2295	7A	D7C9
1740	22B5	7A	D7D0
1740	22D5	7A	D7D7
1740	22F5	7A	D7DE
1740	2096	7A	D759
1740	20B6	7A	D760
1740	20D6	7A	D767
1740	20F6	7A	D76E
1740	2116	7A	D775
1740	2136	7A	D77C
1740	2156	7A	D783
1740	2176	7A	D78A
1740	2196	7A	D791
1740	21B6	7A	D798
1740	21D6	7A	D79F
1740	21F6	7A	D7A6
1740	2216	7A	D7AD
1740	2236	7A	D7B4
1740	2256	7A	D7BB
1740	2276	7A	D7C2
1740	2296	7A	D7C9
1740	22B6	7A	D7D0
1740	22D6	7A	D7D7
1740	22F6	7A	D7DE
1740	2097	7A	D759
1740	20B7	7A	D760
1740	20D7	7A	D767
1740	20F7	7A	D76E
1740	2117	7A	D775
1740	2137	7A	D77C
1740	2157	7A	D783
1740	2177	7A	D78A
1740	2197	7A	D791
1740	21B7	7A	D798
1740	21D7	7A	D79F
1740	21F7	7A	D7A6
1740	2217	7A	D7AD
1740	2237	7A	D7B4
1740	2257	7A	D7BB
1740	2277	7A	D7C2
1740	2297	7A	D7C9
1740	22B7	7A	D7D0
1740	22D7	7A	D7D7
1740	22F7	7A	D7DE
1740	2098	7A	D759
1740	20B8	FF	D760
1740	20D8	7A	D767
1740	20F8	7A	D76E
1740	2118	7A	D775
1740	2138	7A	D77C
1740	2158	7A	D783
1740	2178	7A	D78A
1740	2198	7A	D791
1740	21B8	7A	D798
1740	21D8	7A	D79F
1740	21F8	7A	D7A6
1740	2218	7A	D7AD
1740	2238	7A	D7B4
1740	2258	7A	D7BB
1740	2278	7A	D7C2
1740	2298	7A	D7C9
1740	22B8	7A	D7D0
1740	22D8	7A	D7D7
1740	22F8	7A	D7DE
1740	2099	7A	D759
1740	20B9	7A	D760
1740	20D9	7A	D767
1740	20F9	7A	D76E
1740	2119	7A	D775
1740	2139	7A	D77C
1740	2159	7A	D783
1740	2179	7A	D78A
1740	2199	7A	D791
1740	21B9	7A	D798
1740	21D9	7A	D79F
1740	21F9	7A	D7A6
1740	2219	7A	D7AD
1740	2239	7A	D7B4
1740	2259	7A	D7BB
1740	2279	7A	D7C2
1740	2299	7A	D7C9
1740	22B9	7A	D7D0
1740	22D9	7A	D7D7
1740	22F9	7A	D7DE
1740	209A	7A	D759
1740	20BA	7A	D760
1740	20DA	7A	D767
1740	20FA	7A	D76E
1740	211A	7A	D775
1740	213A	7A	D77C
1740	215A	7A	D783
1740	217A	7A	D78A
1740	219A	7A	D791
1740	21BA	7A	D798
1740	21DA	7A	D79F
1740	21FA	7A	D7A6
1740	221A	7A	D7AD
1740	223A	7A	D7B4
1740	225A	7A	D7BB
1740	227A	7A	D7C2
1740	229A	7A	D7C9
1740	22BA	7A	D7D0
1740	22DA	7A	D7D7
1740	22FA	7A	D7DE
1741	209B	7A	D759
1741	20BB	7A	D760
1741	20DB	7A	D767
1741	20FB	7A	D76E
1741	211B	7A	D775
1741	213B	7A	D77C
1741	215B	7A	D783
1741	217B	7A	D78A
1741	219B	7A	D791
1741	21BB	7A	D798
1741	21DB	7A	D79F
1741	21FB	7A	D7A6
1741	221B	7A	D7AD
1741	223B	7A	D7B4
1741	225B	7A	D7BB
1741	227B	7A	D7C2
1741	229B	7A	D7C9
1741	22BB	7A	D7D0
1741	22DB	7A	D7D7
1741	22FB	7A	D7DE
1741	209C	7A	D759
1741	20BC	7A	D760
1741	20DC	7A	D767
1741	20FC	7A	D76E
1741	211C	7A	D775
1741	213C	7A	D77C
1741	215C	7A	D783
1741	217C	7A	D78A
1741	219C	7A	D791
1741	21BC	7A	D798
1741	21DC	7A	D79F
1741	21FC	7A	D7A6
1741	221C	7A	D7AD
1741	223C	7A	D7B4
1741	225C	7A	D7BB
1741	227C	7A	D7C2
1741	229C	7A	D7C9
1741	22BC	7A	D7D0
1741	22DC	7A	D7D7
1741	22FC	7A	D7DE
1741	209D	7A	D759
1741	20BD	7A	D760
1741	20DD	7A	D767
1741	20FD	7A	D76E
1741	211D	7A	D775
1741	213D	7A	D77C
1741	215D	7A	D783
1741	217D	7A	D78A
1741	219D	7A	D791
1741	21BD	7A	D798
1741	21DD	7A	D79F
1741	21FD	7A	D7A6
1741	221D	7A	D7AD
1741	223D	7A	D7B4
1741	225D	7A	D7BB
1741	227D	7A	D7C2
1741	229D	7A	D7C9
1741	22BD	7A	D7D0
1741	22DD	7A	D7D7
1741	22FD	7A	D7DE
1741	209E	7A	D759
1741	20BE	7A	D760
1741	20DE	7A	D767
1741	20FE	7A	D76E
1741	211E	7A	D775
1741	213E	7A	D77C
1741	215E	7A	D783
1741	217E	7A	D78A
1741	219E	7A	D791
1741	21BE	7A	D798
1741	21DE	7A	D79F
1741	21FE	7A	D7A6
1741	221E	7A	D7AD
1741	223E	7A	D7B4
1741	225E	7A	D7BB
1741	227E	7A	D7C2
1741	229E	7A	D7C9
1741	22BE	7A	D7D0
1741	22DE	7A	D7D7
1741	22FE	7A	D7DE
1741	209F	7A	D759
1741	20BF	7A	D760
1741	20DF	7A	D767
1741	20FF	7A	D76E
1741	211F	7A	D775
1741	213F	7A	D77C
1741	215F	7A	D783
1741	217F	7A	D78A
1741	219F	7A	D791
1741	21BF	7A	D798
1741	21DF	7A	D79F
1741	21FF	7A	D7A6
1741	221F	7A	D7AD
1741	223F	7A	D7B4
1741	225F	7A	D7BB
1741	227F	7A	D7C2
1741	229F	7A	D7C9
1741	22BF	7A	D7D0
1741	22DF	7A	D7D7
1741	22FF	7A	D7DE
1866	2000	00	FDF5
1866	2001	00	FDF5
1866	2002	00	FDF5
1866	2003	00	FDF5
1866	2004	00	FDF5
1866	2005	00	FDF5
1866	2006	00	FDF5
1866	2007	00	FDF5
1866	2008	00	FDF5
1866	2009	00	FDF5
1866	200A	00	FDF5
1866	200B	00	FDF5
1866	200C	00	FDF5
1866	200D	00	FDF5
1866	200E	00	FDF5
1866	200F	00	FDF5
1866	2010	00	FDF5
1866	2011	00	FDF5
1866	2012	00	FDF5
1866	2013	00	FDF5
1866	2014	00	FDF5
1866	2015	00	FDF5
1866	2016	00	FDF5
1866	2017	00	FDF5
1866	2018	00	FDF5
1866	2019	00	FDF5
1866	201A	00	FDF5
1866	201B	00	FDF5
1866	201C	00	FDF5
1866	201D	00	FDF5
1866	201E	00	FDF5
1866	201F	00	FDF5
1866	2020	00	FDF5
1866	2021	00	FDF5
1866	2022	00	FDF5
1866	2023	00	FDF5
1866	2024	00	FDF5
1866	2025	00	FDF5
1866	2026	00	FDF5
1866	2027	00	FDF5
1866	2028	00	FDF5
1866	2029	00	FDF5
1866	202A	00	FDF5
1866	202B	00	FDF5
1866	202C	00	FDF5
1866	202D	00	FDF5
1866	202E	00	FDF5
1866	202F	00	FDF5
1866	2030	00	FDF5
1866	2031	00	FDF5
1866	2032	00	FDF5
1866	2033	00	FDF5
1866	2034	00	FDF5
1866	2035	00	FDF5
1866	2036	00	FDF5
1866	2037	00	FDF5
1866	2038	00	FDF5
1866	2039	00	FDF5
1866	203A	00	FDF5
1866	203B	00	FDF5
1866	203C	00	FDF5
1866	203D	00	FDF5
1866	203E	00	FDF5
1866	203F	00	FDF5
1866	2040	00	FDF5
1866	2041	00	FDF5
1866	2042	00	FDF5
1866	2043	00	FDF5
1866	2044	00	FDF5
1866	2045	00	FDF5
1866	2046	00	FDF5
1866	2047	00	FDF5
1866	2048	00	FDF5
1866	2049	00	FDF5
1866	204A	00	FDF5
1866	204B	00	FDF5
1866	204C	00	FDF5
1866	204D	00	FDF5
1866	204E	00	FDF5
1866	204F	00	FDF5
1866	2050	00	FDF5
1866	2051	00	FDF5
1866	2052	00	FDF5
1866	2053	00	FDF5
1866	2054	00	FDF5
1866	2055	00	FDF5
1866	2056	00	FDF5
1866	2057	00	FDF5
1866	2058	00	FDF5
1866	2059	00	FDF5
1866	205A	00	FDF5
1866	205B	00	FDF5
1866	205C	00	FDF5
1866	205D	00	FDF5
1866	205E	00	FDF5
1866	205F	00	FDF5
1866	2060	00	FDF5
1866	2061	00	FDF5
1866	2062	00	FDF5
1866	2063	00	FDF5
1866	2064	00	FDF5
1866	2065	00	FDF5
1866	2066	00	FDF5
1866	2067	00	FDF5
1866	2068	00	FDF5
1866	2069	00	FDF5
1866	206A	00	FDF5
1866	206B	00	FDF5
1866	206C	00	FDF5
1866	206D	00	FDF5
1866	206E	00	FDF5
1866	206F	00	FDF5
1866	2070	00	FDF5
1866	2071	00	FDF5
1866	2072	00	FDF5
1866	2073	00	FDF5
1866	2074	00	FDF5
1866	2075	00	FDF5
1866	2076	00	FDF5
1866	2077	00	FDF5
1866	2078	00	FDF5
1866	2079	00	FDF5
1866	207A	00	FDF5
1866	207B	00	FDF5
1866	207C	00	FDF5
1866	207D	00	FDF5
1866	207E	00	FDF5
1866	207F	00	FDF5
1866	2080	00	FDF5
1866	2081	00	FDF5
1866	2082	00	FDF5
1866	2083	00	FDF5
1866	2084	00	FDF5
1866	2085	00	FDF5
1866	2086	00	FDF5
1866	2087	00	FDF5
1866	2088	00	FDF5
1866	2089	00	FDF5
1866	208A	00	FDF5
1866	208B	00	FDF5
1866	208C	00	FDF5
1866	208D	00	FDF5
1866	208E	00	FDF5
1866	208F	00	FDF5
1866	2090	00	FDF5
1866	2091	00	FDF5
1866	2092	00	FDF5
1866	2093	00	FDF5
1866	2094	00	FDF5
1866	2095	00	FDF5
1866	2096	00	FDF5
1866	2097	00	FDF5
1866	2098	00	FDF5
1866	2099	00	FDF5
1866	209A	00	FDF5
1866	209B	00	FDF5
1866	209C	00	FDF5
1866	209D	00	FDF5
1866	209E	00	FDF5
1866	209F	00	FDF5
1866	20A0	00	FDF5
1866	20A1	00	FDF5
1866	20A2	00	FDF5
1866	20A3	00	FDF5
1866	20A4	00	FDF5
1866	20A5	00	FDF5
1866	20A6	00	FDF5
1866	20A7	00	FDF5
1866	20A8	00	FDF5
1866	20A9	00	FDF5
1866	20AA	00	FDF5
1866	20AB	00	FDF5
1866	20AC	00	FDF5
1866	20AD	00	FDF5
1866	20AE	00	FDF5
1866	20AF	00	FDF5
1866	20B0	00	FDF5
1866	20B1	00	FDF5
1866	20B2	00	FDF5
1866	20B3	00	FDF5
1866	20B4	00	FDF5
1866	20B5	00	FDF5
1866	20B6	00	FDF5
1866	20B7	00	FDF5
1866	20B8	00	FDF5
1866	20B9	00	FDF5
1866	20BA	00	FDF5
1866	20BB	00	FDF5
1866	20BC	00	FDF5
1866	20BD	00	FDF5
1866	20BE	00	FDF5
1866	20BF	00	FDF5
1866	20C0	00	FDF5
1866	20C1	00	FDF5
1866	20C2	00	FDF5
1866	20C3	00	FDF5
1866	20C4	00	FDF5
1866	20C5	00	FDF5
1866	20C6	00	FDF5
1866	20C7	00	FDF5
1866	20C8	00	FDF5
1866	20C9	00	FDF5
1866	20CA	00	FDF5
1866	20CB	00	FDF5
1866	20CC	00	FDF5
1866	20CD	00	FDF5
1866	20CE	00	FDF5
1866	20CF	00	FDF5
1866	20D0	00	FDF5
1866	20D1	00	FDF5
1866	20D2	00	FDF5
1866	20D3	00	FDF5
1866	20D4	00	FDF5
1866	20D5	00	FDF5
1866	20D6	00	FDF5
1866	20D7	00	FDF5
1866	20D8	00	FDF5
1866	20D9	00	FDF5
1866	20DA	00	FDF5
1866	20DB	00	FDF5
1866	20DC	00	FDF5
1866	20DD	00	FDF5
1866	20DE	00	FDF5
1866	20DF	00	FDF5
1866	20E0	00	FDF5
1866	20E1	00	FDF5
1866	20E2	00	FDF5
1866	20E3	00	FDF5
1866	20E4	00	FDF5
1866	20E5	00	FDF5
1866	20E6	00	FDF5
1866	20E7	00	FDF5
1866	20E8	00	FDF5
1866	20E9	00	FDF5
1866	20EA	00	FDF5
1866	20EB	00	FDF5
1866	20EC	00	FDF5
1866	20ED	00	FDF5
1866	20EE	00	FDF5
1866	20EF	00	FDF5
1866	20F0	00	FDF5
1866	20F1	00	FDF5
1866	20F2	00	FDF5
1866	20F3	00	FDF5
1866	20F4	00	FDF5
1866	20F5	00	FDF5
1866	20F6	00	FDF5
1866	20F7	00	FDF5
1866	20F8	00	FDF5
1866	20F9	00	FDF5
1866	20FA	00	FDF5
1866	20FB	00	FDF5
1866	20FC	00	FDF5
1866	20FD	00	FDF5
1866	20FE	00	FDF5
1866	20FF	00	FDF5
1866	2100	00	FDF5
1866	2101	00	FDF5
1866	2102	00	FDF5
1866	2103	00	FDF5
1866	2104	00	FDF5
1866	2105	00	FDF5
1866	2106	00	FDF5
1866	2107	00	FDF5
1866	2108	00	FDF5
1866	2109	00	FDF5
1866	210A	00	FDF5
1866	210B	00	FDF5
1866	210C	00	FDF5
1866	210D	00	FDF5
1866	210E	00	FDF5
1866	210F	00	FDF5
1866	2110	00	FDF5
1866	2111	00	FDF5
1866	2112	00	FDF5
1866	2113	00	FDF5
1866	2114	00	FDF5
1866	2115	00	FDF5
1866	2116	00	FDF5
1866	2117	00	FDF5
1866	2118	00	FDF5
1866	2119	00	FDF5
1866	211A	00	FDF5
1866	211B	00	FDF5
1866	211C	00	FDF5
1866	211D	00	FDF5
1866	211E	00	FDF5
1866	211F	00	FDF5
1866	2120	00	FDF5
1866	2121	00	FDF5
1866	2122	00	FDF5
1866	2123	00	FDF5
1866	2124	00	FDF5
1866	2125	00	FDF5
1866	2126	00	FDF5
1866	2127	00	FDF5
1866	2128	00	FDF5
1866	2129	00	FDF5
1866	212A	00	FDF5
1866	212B	00	FDF5
1866	212C	00	FDF5
1866	212D	00	FDF5
1866	212E	00	FDF5
1866	212F	00	FDF5
1866	2130	00	FDF5
1866	2131	00	FDF5
1866	2132	00	FDF5
1866	2133	00	FDF5
1866	2134	00	FDF5
1866	2135	00	FDF5
1866	2136	00	FDF5
1866	2137	00	FDF5
1866	2138	00	FDF5
1866	2139	00	FDF5
1866	213A	00	FDF5
1866	213B	00	FDF5
1866	213C	00	FDF5
1866	213D	00	FDF5
1866	213E	00	FDF5
1866	213F	00	FDF5
1866	2140	00	FDF5
1866	2141	00	FDF5
1866	2142	00	FDF5
1866	2143	00	FDF5
1866	2144	00	FDF5
1866	2145	00	FDF5
1866	2146	00	FDF5
1866	2147	00	FDF5
1866	2148	00	FDF5
1866	2149	00	FDF5
1866	214A	00	FDF5
1866	214B	00	FDF5
1866	214C	00	FDF5
1866	214D	00	FDF5
1866	214E	00	FDF5
1866	214F	00	FDF5
1866	2150	00	FDF5
1866	2151	00	FDF5
1866	2152	00	FDF5
1866	2153	00	FDF5
1866	2154	00	FDF5
1866	2155	00	FDF5
1866	2156	00	FDF5
1866	2157	00	FDF5
1866	2158	00	FDF5
1866	2159	00	FDF5
1866	215A	00	FDF5
1866	215B	00	FDF5
1866	215C	00	FDF5
1866	215D	00	FDF5
1866	215E	00	FDF5
1866	215F	00	FDF5
1866	2160	00	FDF5
1866	2161	00	FDF5
1866	2162	00	FDF5
1866	2163	00	FDF5
1866	2164	00	FDF5
1866	2165	00	FDF5
1866	2166	00	FDF5
1866	2167	00	FDF5
1866	2168	00	FDF5
1866	2169	00	FDF5
1866	216A	00	FDF5
1866	216B	00	FDF5
1866	216C	00	FDF5
1866	216D	00	FDF5
1866	216E	00	FDF5
1866	216F	00	FDF5
1866	2170	00	FDF5
1866	2171	00	FDF5
1866	2172	00	FDF5
1866	2173	00	FDF5
1866	2174	00	FDF5
1866	2175	00	FDF5
1866	2176	00	FDF5
1866	2177	00	FDF5
1866	2178	00	FDF5
1866	2179	00	FDF5
1866	217A	00	FDF5
1866	217B	00	FDF5
1866	217C	00	FDF5
1866	217D	00	FDF5
1866	217E	00	FDF5
1866	217F	00	FDF5
1866	2180	00	FDF5
1866	2181	00	FDF5
1866	2182	00	FDF5
1866	2183	00	FDF5
1866	2184	00	FDF5
1866	2185	00	FDF5
1866	2186	00	FDF5
1866	2187	00	FDF5
1866	2188	00	FDF5
1866	2189	00	FDF5
1866	218A	00	FDF5
1866	218B	00	FDF5
1866	218C	00	FDF5
1866	218D	00	FDF5
1866	218E	00	FDF5
1866	218F	00	FDF5
1866	2190	00	FDF5
1866	2191	00	FDF5
1866	2192	00	FDF5
1866	2193	00	FDF5
1866	2194	00	FDF5
1866	2195	00	FDF5
1866	2196	00	FDF5
1866	2197	00	FDF5
1866	2198	00	FDF5
1866	2199	00	FDF5
1866	219A	00	FDF5
1866	219B	00	FDF5
1866	219C	00	FDF5
1866	219D	00	FDF5
1866	219E	00	FDF5
1866	219F	00	FDF5
1866	21A0	00	FDF5
1866	21A1	00	FDF5
1866	21A2	00	FDF5
1866	21A3	00	FDF5
1866	21A4	00	FDF5
1866	21A5	00	FDF5
1866	21A6	00	FDF5
1866	21A7	00	FDF5
1866	21A8	00	FDF5
1866	21A9	00	FDF5
1866	21AA	00	FDF5
1866	21AB	00	FDF5
1866	21AC	00	FDF5
1866	21AD	00	FDF5
1866	21AE	00	FDF5
1866	21AF	00	FDF5
1866	21B0	00	FDF5
1866	21B1	00	FDF5
1866	21B2	00	FDF5
1866	21B3	00	FDF5
1866	21B4	00	FDF5
1866	21B5	00	FDF5
1866	21B6	00	FDF5
1866	21B7	00	FDF5
1866	21B8	00	FDF5
1866	21B9	00	FDF5
1866	21BA	00	FDF5
1866	21BB	00	FDF5
1866	21BC	00	FDF5
1866	21BD	00	FDF5
1866	21BE	00	FDF5
1866	21BF	00	FDF5
1866	21C0	00	FDF5
1866	21C1	00	FDF5
1866	21C2	00	FDF5
1866	21C3	00	FDF5
1866	21C4	00	FDF5
1866	21C5	00	FDF5
1866	21C6	00	FDF5
1866	21C7	00	FDF5
1866	21C8	00	FDF5
1866	21C9	00	FDF5
1866	21CA	00	FDF5
1866	21CB	00	FDF5
1866	21CC	00	FDF5
1866	21CD	00	FDF5
1866	21CE	00	FDF5
1866	21CF	00	FDF5
1866	21D0	00	FDF5
1866	21D1	00	FDF5
1866	21D2	00	FDF5
1866	21D3	00	FDF5
1866	21D4	00	FDF5
1866	21D5	00	FDF5
1866	21D6	00	FDF5
1866	21D7	00	FDF5
1866	21D8	00	FDF5
1866	21D9	00	FDF5
1866	21DA	00	FDF5
1866	21DB	00	FDF5
1866	21DC	00	FDF5
1866	21DD	00	FDF5
1866	21DE	00	FDF5
1866	21DF	00	FDF5
1866	21E0	00	FDF5
1866	21E1	00	FDF5
1866	21E2	00	FDF5
1866	21E3	00	FDF5
1866	21E4	00	FDF5
1866	21E5	00	FDF5
1866	21E6	00	FDF5
1866	21E7	00	FDF5
1866	21E8	00	FDF5
1866	21E9	00	FDF5
1866	21EA	00	FDF5
1866	21EB	00	FDF5
1866	21EC	00	FDF5
1866	21ED	00	FDF5
1866	21EE	00	FDF5
1866	21EF	00	FDF5
1866	21F0	00	FDF5
1866	21F1	00	FDF5
1866	21F2	00	FDF5
1866	21F3	00	FDF5
1866	21F4	00	FDF5
1866	21F5	00	FDF5
1866	21F6	00	FDF5
1866	21F7	00	FDF5
1866	21F8	00	FDF5
1866	21F9	00	FDF5
1866	21FA	00	FDF5
1866	21FB	00	FDF5
1866	21FC	00	FDF5
1866	21FD	00	FDF5
1866	21FE	00	FDF5
1866	21FF	00	FDF5
1866	2200	00	FDF5
1866	2201	00	FDF5
1866	2202	00	FDF5
1866	2203	00	FDF5
1866	2204	00	FDF5
1866	2205	00	FDF5
1866	2206	00	FDF5
1866	2207	00	FDF5
1866	2208	00	FDF5
1866	2209	00	FDF5
1866	220A	00	FDF5
1866	220B	00	FDF5
1866	220C	00	FDF5
1866	220D	00	FDF5
1866	220E	00	FDF5
1866	220F	00	FDF5
1866	2210	00	FDF5
1866	2211	00	FDF5
1866	2212	00	FDF5
1866	2213	00	FDF5
1866	2214	00	FDF5
1866	2215	00	FDF5
1866	2216	00	FDF5
1866	2217	00	FDF5
1866	2218	00	FDF5
1866	2219	00	FDF5
1866	221A	00	FDF5
1866	221B	00	FDF5
1866	221C	00	FDF5
1866	221D	00	FDF5
1866	221E	00	FDF5
1866	221F	00	FDF5
1866	2220	00	FDF5
1866	2221	00	FDF5
1866	2222	00	FDF5
1866	2223	00	FDF5
1866	2224	00	FDF5
1866	2225	00	FDF5
1866	2226	00	FDF5
1866	2227	00	FDF5
1866	2228	00	FDF5
1866	2229	00	FDF5
1866	222A	00	FDF5
1866	222B	00	FDF5
1866	222C	00	FDF5
1866	222D	00	FDF5
1866	222E	00	FDF5
1866	222F	00	FDF5
1866	2230	00	FDF5
1866	2231	00	FDF5
1866	2232	00	FDF5
1866	2233	00	FDF5
1866	2234	00	FDF5
1866	2235	00	FDF5
1866	2236	00	FDF5
1866	2237	00	FDF5
1866	2238	00	FDF5
1866	2239	00	FDF5
1866	223A	00	FDF5
1866	223B	00	FDF5
1866	223C	00	FDF5
1866	223D	00	FDF5
1866	223E	00	FDF5
1866	223F	00	FDF5
1866	2240	00	FDF5
1866	2241	00	FDF5
1866	2242	00	FDF5
1866	2243	00	FDF5
1866	2244	00	FDF5
1866	2245	00	FDF5
1866	2246	00	FDF5
1866	2247	00	FDF5
1866	2248	00	FDF5
1866	2249	00	FDF5
1866	224A	00	FDF5
1866	224B	00	FDF5
1866	224C	00	FDF5
1866	224D	00	FDF5
1866	224E	00	FDF5
1866	224F	00	FDF5
1866	2250	00	FDF5
1866	2251	00	FDF5
1866	2252	00	FDF5
1866	2253	00	FDF5
1866	2254	00	FDF5
1866	2255	00	FDF5
1866	2256	00	FDF5
1866	2257	00	FDF5
1866	2258	00	FDF5
1866	2259	00	FDF5
1866	225A	00	FDF5
1866	225B	00	FDF5
1866	225C	00	FDF5
1866	225D	00	FDF5
1866	225E	00	FDF5
1866	225F	00	FDF5
1866	2260	00	FDF5
1866	2261	00	FDF5
1866	2262	00	FDF5
1866	2263	00	FDF5
1866	2264	00	FDF5
1866	2265	00	FDF5
1866	2266	00	FDF5
1866	2267	00	FDF5
1866	2268	00	FDF5
1866	2269	00	FDF5
1866	226A	00	FDF5
1866	226B	00	FDF5
1866	226C	00	FDF5
1866	226D	00	FDF5
1866	226E	00	FDF5
1866	226F	00	FDF5
1866	2270	00	FDF5
1866	2271	00	FDF5
1866	2272	00	FDF5
1866	2273	00	FDF5
1866	2274	00	FDF5
1866	2275	00	FDF5
1866	2276	00	FDF5
1866	2277	00	FDF5
1866	2278	00	FDF5
1866	2279	00	FDF5
1866	227A	00	FDF5
1866	227B	00	FDF5
1866	227C	00	FDF5
1866	227D	00	FDF5
1866	227E	00	FDF5
1866	227F	00	FDF5
1866	2280	00	FDF5
1866	2281	00	FDF5
1866	2282	00	FDF5
1866	2283	00	FDF5
1866	2284	00	FDF5
1866	2285	00	FDF5
1866	2286	00	FDF5
1866	2287	00	FDF5
1866	2288	00	FDF5
1866	2289	00	FDF5
1866	228A	00	FDF5
1866	228B	00	FDF5
1866	228C	00	FDF5
1866	228D	00	FDF5
1866	228E	00	FDF5
1866	228F	00	FDF5
1866	2290	00	FDF5
1866	2291	00	FDF5
1866	2292	00	FDF5
1866	2293	00	FDF5
1866	2294	00	FDF5
1866	2295	00	FDF5
1866	2296	00	FDF5
1866	2297	00	FDF5
1866	2298	00	FDF5
1866	2299	00	FDF5
1866	229A	00	FDF5
1866	229B	00	FDF5
1866	229C	00	FDF5
1866	229D	00	FDF5
1866	229E	00	FDF5
1866	229F	00	FDF5
1866	22A0	00	FDF5
1866	22A1	00	FDF5
1866	22A2	00	FDF5
1866	22A3	00	FDF5
1866	22A4	00	FDF5
1866	22A5	00	FDF5
1866	22A6	00	FDF5
1866	22A7	00	FDF5
1866	22A8	00	FDF5
1866	22A9	00	FDF5
1866	22AA	00	FDF5
1866	22AB	00	FDF5
1866	22AC	00	FDF5
1866	22AD	00	FDF5
1866	22AE	00	FDF5
1866	22AF	00	FDF5
1866	22B0	00	FDF5
1866	22B1	00	FDF5
1866	22B2	00	FDF5
1866	22B3	00	FDF5
1866	22B4	00	FDF5
1866	22B5	00	FDF5
1866	22B6	00	FDF5
1866	22B7	00	FDF5
1866	22B8	00	FDF5
1866	22B9	00	FDF5
1866	22BA	00	FDF5
1866	22BB	00	FDF5
1866	22BC	00	FDF5
1866	22BD	00	FDF5
1866	22BE	00	FDF5
1866	22BF	00	FDF5
1866	22C0	00	FDF5
1866	22C1	00	FDF5
1866	22C2	00	FDF5
1866	22C3	00	FDF5
1866	22C4	00	FDF5
1866	22C5	00	FDF5
1866	22C6	00	FDF5
1866	22C7	00	FDF5
1866	22C8	00	FDF5
1866	22C9	00	FDF5
1866	22CA	00	FDF5
1866	22CB	00	FDF5
1866	22CC	00	FDF5
1866	22CD	00	FDF5
1866	22CE	00	FDF5
1866	22CF	00	FDF5
1866	22D0	00	FDF5
1866	22D1	00	FDF5
1866	22D2	00	FDF5
1866	22D3	00	FDF5
1866	22D4	00	FDF5
1866	22D5	00	FDF5
1866	22D6	00	FDF5
1866	22D7	00	FDF5
1866	22D8	00	FDF5
1866	22D9	00	FDF5
1866	22DA	00	FDF5
1866	22DB	00	FDF5
1866	22DC	00	FDF5
1866	22DD	00	FDF5
1866	22DE	00	FDF5
1866	22DF	00	FDF5
1866	22E0	00	FDF5
1866	22E1	00	FDF5
1866	22E2	00	FDF5
1866	22E3	00	FDF5
1866	22E4	00	FDF5
1866	22E5	00	FDF5
1866	22E6	00	FDF5
1866	22E7	00	FDF5
1866	22E8	00	FDF5
1866	22E9	00	FDF5
1866	22EA	00	FDF5
1866	22EB	00	FDF5
1866	22EC	00	FDF5
1866	22ED	00	FDF5
1866	22EE	00	FDF5
1866	22EF	00	FDF5
1866	22F0	00	FDF5
1866	22F1	00	FDF5
1866	22F2	00	FDF5
1866	22F3	00	FDF5
1866	22F4	00	FDF5
1866	22F5	00	FDF5
1866	22F6	00	FDF5
1866	22F7	00	FDF5
1866	22F8	00	FDF5
1866	22F9	00	FDF5
1866	22FA	00	FDF5
1866	22FB	00	FDF5
1866	22FC	00	FDF5
1866	22FD	00	FDF5
1866	22FE	00	FDF5
1866	22FF	00	FDF5
1866	2300	00	FDF5
1866	2301	00	FDF5
1866	2302	00	FDF5
1866	2303	00	FDF5
1866	2304	00	FDF5
1866	2305	00	FDF5
1866	2306	00	FDF5
1866	2307	00	FDF5
1866	2308	00	FDF5
1866	2309	00	FDF5
1866	230A	00	FDF5
1866	230B	00	FDF5
1866	230C	00	FDF5
1866	230D	00	FDF5
1866	230E	00	FDF5
1866	230F	00	FDF5
1866	2310	00	FDF5
1866	2311	00	FDF5
1866	2312	00	FDF5
1866	2313	00	FDF5
1866	2314	00	FDF5
1866	2315	00	FDF5
1866	2316	00	FDF5
1866	2317	00	FDF5
1866	2318	00	FDF5
1866	2319	00	FDF5
1866	231A	00	FDF5
1866	231B	00	FDF5
1866	231C	00	FDF5
1866	231D	00	FDF5
1866	231E	00	FDF5
1866	231F	00	FDF5
1866	2320	00	FDF5
1866	2321	00	FDF5
1866	2322	00	FDF5
1866	2323	00	FDF5
1866	2324	00	FDF5
1866	2325	00	FDF5
1866	2326	00	FDF5
1866	2327	00	FDF5
1866	2328	00	FDF5
1866	2329	00	FDF5
1866	232A	00	FDF5
1866	232B	00	FDF5
1866	232C	00	FDF5
1866	232D	00	FDF5
1866	232E	00	FDF5
1866	232F	00	FDF5
1866	2330	00	FDF5
1866	2331	00	FDF5
1866	2332	00	FDF5
1866	2333	00	FDF5
1866	2334	00	FDF5
1866	2335	00	FDF5
1866	2336	00	FDF5
1866	2337	00	FDF5
1866	2338	00	FDF5
1866	2339	00	FDF5
1866	233A	00	FDF5
1866	233B	00	FDF5
1866	233C	00	FDF5
1866	233D	00	FDF5
1866	233E	00	FDF5
1866	233F	00	FDF5
1866	2340	00	FDF5
1866	2341	00	FDF5
1866	2342	00	FDF5
1866	2343	00	FDF5
1866	2344	00	FDF5
1866	2345	00	FDF5
1866	2346	00	FDF5
1866	2347	00	FDF5
1866	2348	00	FDF5
1866	2349	00	FDF5
1866	234A	00	FDF5
1866	234B	00	FDF5
1866	234C	00	FDF5
1866	234D	00	FDF5
1866	234E	00	FDF5
1866	234F	00	FDF5
1866	2350	00	FDF5
1866	2351	00	FDF5
1866	2352	00	FDF5
1866	2353	00	FDF5
1866	2354	00	FDF5
1866	2355	00	FDF5
1866	2356	00	FDF5
1866	2357	00	FDF5
1866	2358	00	FDF5
1866	2359	00	FDF5
1866	235A	00	FDF5
1866	235B	00	FDF5
1866	235C	00	FDF5
1866	235D	00	FDF5
1866	235E	00	FDF5
1866	235F	00	FDF5
1866	2360	00	FDF5
1866	2361	00	FDF5
1866	2362	00	FDF5
1866	2363	00	FDF5
1866	2364	00	FDF5
1866	2365	00	FDF5
1866	2366	00	FDF5
1866	2367	00	FDF5
1866	2368	00	FDF5
1866	2369	00	FDF5
1866	236A	00	FDF5
1866	236B	00	FDF5
1866	236C	00	FDF5
1866	236D	00	FDF5
1866	236E	00	FDF5
1866	236F	00	FDF5
1866	2370	00	FDF5
1866	2371	00	FDF5
1866	2372	00	FDF5
1866	2373	00	FDF5
1866	2374	00	FDF5
1866	2375	00	FDF5
1866	2376	00	FDF5
1866	2377	00	FDF5
1866	2378	00	FDF5
1866	2379	00	FDF5
1866	237A	00	FDF5
1866	237B	00	FDF5
1866	237C	00	FDF5
1866	237D	00	FDF5
1866	237E	00	FDF5
1866	237F	00	FDF5
1866	2380	00	FDF5
1866	2381	00	FDF5
1866	2382	00	FDF5
1866	2383	00	FDF5
1866	2384	00	FDF5
1866	2385	00	FDF5
1866	2386	00	FDF5
1866	2387	00	FDF5
1866	2388	00	FDF5
1866	2389	00	FDF5
1866	238A	00	FDF5
1866	238B	00	FDF5
1866	238C	00	FDF5
1866	238D	00	FDF5
1866	238E	00	FDF5
1866	238F	00	FDF5
1866	2390	00	FDF5
1866	2391	00	FDF5
1866	2392	00	FDF5
1866	2393	00	FDF5
1866	2394	00	FDF5
1866	2395	00	FDF5
1866	2396	00	FDF5
1866	2397	00	FDF5
1866	2398	00	FDF5
1866	2399	00	FDF5
1866	239A	00	FDF5
1866	239B	00	FDF5
1866	239C	00	FDF5
1866	239D	00	FDF5
1866	239E	00	FDF5
1866	239F	00	FDF5
1866	23A0	00	FDF5
1866	23A1	00	FDF5
1866	23A2	00	FDF5
1866	23A3	00	FDF5
1866	23A4	00	FDF5
1866	23A5	00	FDF5
1866	23A6	00	FDF5
1866	23A7	00	FDF5
1866	23A8	00	FDF5
1866	23A9	00	FDF5
1866	23AA	00	FDF5
1866	23AB	00	FDF5
1866	23AC	00	FDF5
1866	23AD	00	FDF5
1866	23AE	00	FDF5
1866	23AF	00	FDF5
1866	23B0	00	FDF5
1866	23B1	00	FDF5
1866	23B2	00	FDF5
1866	23B3	00	FDF5
1866	23B4	00	FDF5
1866	23B5	00	FDF5
1866	23B6	00	FDF5
1866	23B7	00	FDF5
1866	23B8	00	FDF5
1866	23B9	00	FDF5
1866	23BA	00	FDF5
1866	23BB	00	FDF5
1866	23BC	00	FDF5
1866	23BD	00	FDF5
1866	23BE	00	FDF5
1866	23BF	00	FDF5
1883	2095	49	D759
1883	20B5	49	D760
1883	20D5	49	D767
1883	20F5	39	D76E
1883	2115	57	D775
1883	2135	67	D77C
1883	2155	59	D783
1883	2175	69	D78A
1883	2195	69	D791
1883	21B5	79	D798
1883	21D5	00	D79F
1883	21F5	51	D7A6
1883	2215	04	D7AD
1883	2235	03	D7B4
1883	2255	E0	D7BB
1883	2275	03	D7C2
1883	2295	03	D7C9
1883	22B5	03	D7D0
1883	22D5	03	D7D7
1883	22F5	03	D7DE
1883	2096	24	D759
1883	20B6	24	D760
1883	20D6	60	D767
1883	20F6	70	D76E
1883	2116	57	D775
1883	2136	67	D77C
1883	2156	C2	D783
1883	2176	D2	D78A
1883	2196	E2	D791
1883	21B6	F2	D798
1883	21D6	00	D79F
1883	21F6	51	D7A6
1883	2216	04	D7AD
1883	2236	03	D7B4
1883	2256	03	D7BB
1883	2276	03	D7C2
1883	2296	03	D7C9
1883	22B6	03	D7D0
1883	22D6	03	D7D7
1883	22F6	03	D7DE
1883	2097	24	D759
1883	20B7	24	D760
1883	20D7	60	D767
1883	20F7	70	D76E
1883	2117	57	D775
1883	2137	67	D77C
1883	2157	C3	D783
1883	2177	D3	D78A
1883	2197	E3	D791
1883	21B7	F3	D798
1883	21D7	00	D79F
1883	21F7	51	D7A6
1883	2217	04	D7AD
1883	2237	03	D7B4
1883	2257	03	D7BB
1883	2277	03	D7C2
1883	2297	E0	D7C9
1883	22B7	03	D7D0
1883	22D7	03	D7D7
1883	22F7	03	D7DE
1883	2098	25	D759
1883	20B8	25	D760
1883	20D8	60	D767
1883	20F8	70	D76E
1883	2118	57	D775
1883	2138	67	D77C
1883	2158	58	D783
1883	2178	03	D78A
1883	2198	03	D791
1883	21B8	78	D798
1883	21D8	00	D79F
1883	21F8	51	D7A6
1883	2218	04	D7AD
1883	2238	03	D7B4
1883	2258	03	D7BB
1883	2278	03	D7C2
1883	2298	03	D7C9
1883	22B8	03	D7D0
1883	22D8	03	D7D7
1883	22F8	F0	D7DE
1883	2099	26	D759
1883	20B9	26	D760
1883	20D9	60	D767
1883	20F9	70	D76E
1883	2119	57	D775
1883	2139	67	D77C
1883	2159	59	D783
1883	2179	69	D78A
1883	2199	69	D791
1883	21B9	79	D798
1883	21D9	00	D79F
1883	21F9	51	D7A6
1883	2219	04	D7AD
1883	2239	03	D7B4
1883	2259	03	D7BB
1883	2279	03	D7C2
1883	2299	03	D7C9
1883	22B9	03	D7D0
1883	22D9	03	D7D7
1883	22F9	03	D7DE
1883	209A	24	D759
1883	20BA	24	D760
1883	20DA	60	D767
1883	20FA	70	D76E
1883	211A	57	D775
1883	213A	67	D77C
1883	215A	27	D783
1883	217A	47	D78A
1883	219A	47	D791
1883	21BA	37	D798
1883	21DA	12	D79F
1883	21FA	22	D7A6
1883	221A	04	D7AD
1883	223A	03	D7B4
1883	225A	03	D7BB
1883	227A	03	D7C2
1883	229A	03	D7C9
1883	22BA	03	D7D0
1883	22DA	03	D7D7
1883	22FA	03	D7DE
1883	209B	24	D759
1883	20BB	24	D760
1883	20DB	60	D767
1883	20FB	70	D76E
1883	211B	57	D775
1883	213B	67	D77C
1883	215B	28	D783
1883	217B	48	D78A
1883	219B	48	D791
1883	21BB	38	D798
1883	21DB	13	D79F
1883	21FB	00	D7A6
1883	221B	04	D7AD
1883	223B	03	D7B4
1883	225B	03	D7BB
1883	227B	03	D7C2
1883	229B	E0	D7C9
1883	22BB	03	D7D0
1883	22DB	03	D7D7
1883	22FB	03	D7DE
1884	209C	ED	D759
1884	20BC	ED	D760
1884	20DC	ED	D767
1884	20FC	FD	D76E
1884	211C	57	D775
1884	213C	67	D77C
1884	215C	28	D783
1884	217C	48	D78A
1884	219C	48	D791
1884	21BC	38	D798
1884	21DC	13	D79F
1884	21FC	22	D7A6
1884	221C	04	D7AD
1884	223C	03	D7B4
1884	225C	E0	D7BB
1884	227C	03	D7C2
1884	229C	03	D7C9
1884	22BC	03	D7D0
1884	22DC	03	D7D7
1884	22FC	03	D7DE
1884	209D	EE	D759
1884	20BD	EE	D760
1884	20DD	EE	D767
1884	20FD	FE	D76E
1884	211D	57	D775
1884	213D	67	D77C
1884	215D	28	D783
1884	217D	48	D78A
1884	219D	48	D791
1884	21BD	38	D798
1884	21DD	13	D79F
1884	21FD	00	D7A6
1884	221D	04	D7AD
1884	223D	03	D7B4
1884	225D	03	D7BB
1884	227D	03	D7C2
1884	229D	03	D7C9
1884	22BD	03	D7D0
1884	22DD	E0	D7D7
1884	22FD	03	D7DE
1884	209E	EF	D759
1884	20BE	EF	D760
1884	20DE	EF	D767
1884	20FE	FF	D76E
1884	211E	57	D775
1884	213E	67	D77C
1884	215E	29	D783
1884	217E	49	D78A
1884	219E	49	D791
1884	21BE	39	D798
1884	21DE	14	D79F
1884	21FE	22	D7A6
1884	221E	04	D7AD
1884	223E	03	D7B4
1884	225E	03	D7BB
1884	227E	03	D7C2
1884	229E	F0	D7C9
1884	22BE	03	D7D0
1884	22DE	03	D7D7
1884	22FE	03	D7DE
1884	209F	00	D759
1884	20BF	00	D760
1884	20DF	00	D767
1884	20FF	00	D76E
1884	211F	57	D775
1884	213F	67	D77C
1884	215F	00	D783
1884	217F	CF	D78A
1884	219F	DF	D791
1884	21BF	00	D798
1884	21DF	00	D79F
1884	21FF	00	D7A6
1884	221F	04	D7AD
1884	223F	03	D7B4
1884	225F	03	D7BB
1884	227F	03	D7C2
1884	229F	03	D7C9
1884	22BF	03	D7D0
1884	22DF	03	D7D7
1884	22FF	03	D7DE
1887	2095	49	D759
1887	20B5	49	D760
1887	20D5	49	D767
1887	20F5	39	D76E
1887	2115	57	D775
1887	2135	67	D77C
1887	2155	59	D783
1887	2175	69	D78A
1887	2195	69	D791
1887	21B5	79	D798
1887	21D5	00	D79F
1887	21F5	51	D7A6
1887	2215	04	D7AD
1887	2235	03	D7B4
1887	2255	E0	D7BB
1887	2275	03	D7C2
1887	2295	03	D7C9
1887	22B5	03	D7D0
1887	22D5	03	D7D7
1887	22F5	03	D7DE
1887	2094	48	D759
1887	20B4	48	D760
1887	20D4	48	D767
1887	20F4	38	D76E
1887	2114	57	D775
1887	2134	67	D77C
1887	2154	58	D783
1887	2174	03	D78A
1887	2194	03	D791
1887	21B4	78	D798
1887	21D4	00	D79F
1887	21F4	50	D7A6
1887	2214	04	D7AD
1887	2234	03	D7B4
1887	2254	03	D7BB
1887	2274	03	D7C2
1887	2294	03	D7C9
1887	22B4	03	D7D0
1887	22D4	03	D7D7
1887	22F4	03	D7DE
1887	2093	48	D759
1887	20B3	48	D760
1887	20D3	48	D767
1887	20F3	38	D76E
1887	2113	57	D775
1887	2133	67	D77C
1887	2153	00	D783
1887	2173	00	D78A
1887	2193	00	D791
1887	21B3	00	D798
1887	21D3	00	D79F
1887	21F3	00	D7A6
1887	2213	5D	D7AD
1887	2233	03	D7B4
1887	2253	03	D7BB
1887	2273	03	D7C2
1887	2293	E0	D7C9
1887	22B3	03	D7D0
1887	22D3	03	D7D7
1887	22F3	E0	D7DE
1887	2092	48	D759
1887	20B2	48	D760
1887	20D2	48	D767
1887	20F2	38	D76E
1887	2112	57	D775
1887	2132	67	D77C
1887	2152	00	D783
1887	2172	36	D78A
1887	2192	46	D791
1887	21B2	56	D798
1887	21D2	3C	D79F
1887	21F2	4C	D7A6
1887	2212	5C	D7AD
1887	2232	03	D7B4
1887	2252	03	D7BB
1887	2272	03	D7C2
1887	2292	03	D7C9
1887	22B2	03	D7D0
1887	22D2	03	D7D7
1887	22F2	03	D7DE
1888	2091	47	D759
1888	20B1	47	D760
1888	20D1	47	D767
1888	20F1	37	D76E
1888	2111	57	D775
1888	2131	67	D77C
1888	2151	00	D783
1888	2171	35	D78A
1888	2191	45	D791
1888	21B1	55	D798
1888	21D1	3B	D79F
1888	21F1	4B	D7A6
1888	2211	5B	D7AD
1888	2231	03	D7B4
1888	2251	03	D7BB
1888	2271	03	D7C2
1888	2291	03	D7C9
1888	22B1	03	D7D0
1888	22D1	03	D7D7
1888	22F1	03	D7DE
1888	2090	00	D759
1888	20B0	00	D760
1888	20D0	00	D767
1888	20F0	00	D76E
1888	2110	57	D775
1888	2130	67	D77C
1888	2150	00	D783
1888	2170	00	D78A
1888	2190	44	D791
1888	21B0	54	D798
1888	21D0	3A	D79F
1888	21F0	4A	D7A6
1888	2210	5A	D7AD
1888	2230	03	D7B4
1888	2250	03	D7BB
1888	2270	03	D7C2
1888	2290	03	D7C9
1888	22B0	F0	D7D0
1888	22D0	03	D7D7
1888	22F0	03	D7DE
1888	208F	0C	D759
1888	20AF	3D	D760
1888	20CF	4D	D767
1888	20EF	0F	D76E
1888	210F	11	D775
1888	212F	21	D77C
1888	214F	31	D783
1888	216F	41	D78A
1888	218F	4F	D791
1888	21AF	1F	D798
1888	21CF	1F	D79F
1888	21EF	1F	D7A6
1888	220F	23	D7AD
1888	222F	03	D7B4
1888	224F	03	D7BB
1888	226F	03	D7C2
1888	228F	03	D7C9
1888	22AF	03	D7D0
1888	22CF	03	D7D7
1888	22EF	03	D7DE
1888	208E	1C	D759
1888	20AE	2C	D760
1888	20CE	1D	D767
1888	20EE	0F	D76E
1888	210E	10	D775
1888	212E	20	D77C
1888	214E	30	D783
1888	216E	40	D78A
1888	218E	4E	D791
1888	21AE	1E	D798
1888	21CE	1E	D79F
1888	21EE	14	D7A6
1888	220E	22	D7AD
1888	222E	03	D7B4
1888	224E	03	D7BB
1888	226E	03	D7C2
1888	228E	03	D7C9
1888	22AE	03	D7D0
1888	22CE	03	D7D7
1888	22EE	03	D7DE
1889	208D	1B	D759
1889	20AD	2B	D760
1889	20CD	1D	D767
1889	20ED	0F	D76E
1889	210D	11	D775
1889	212D	21	D77C
1889	214D	31	D783
1889	216D	41	D78A
1889	218D	4F	D791
1889	21AD	1F	D798
1889	21CD	1F	D79F
1889	21ED	13	D7A6
1889	220D	00	D7AD
1889	222D	03	D7B4
1889	224D	03	D7BB
1889	226D	03	D7C2
1889	228D	03	D7C9
1889	22AD	03	D7D0
1889	22CD	03	D7D7
1889	22ED	03	D7DE
1889	208C	1B	D759
1889	20AC	2B	D760
1889	20CC	1D	D767
1889	20EC	0F	D76E
1889	210C	10	D775
1889	212C	20	D77C
1889	214C	30	D783
1889	216C	40	D78A
1889	218C	4E	D791
1889	21AC	1E	D798
1889	21CC	1E	D79F
1889	21EC	13	D7A6
1889	220C	22	D7AD
1889	222C	03	D7B4
1889	224C	03	D7BB
1889	226C	E0	D7C2
1889	228C	03	D7C9
1889	22AC	03	D7D0
1889	22CC	03	D7D7
1889	22EC	03	D7DE
1889	208B	1B	D759
1889	20AB	2B	D760
1889	20CB	1D	D767
1889	20EB	0F	D76E
1889	210B	11	D775
1889	212B	21	D77C
1889	214B	0A	D783
1889	216B	00	D78A
1889	218B	24	D791
1889	21AB	24	D798
1889	21CB	33	D79F
1889	21EB	13	D7A6
1889	220B	00	D7AD
1889	222B	03	D7B4
1889	224B	03	D7BB
1889	226B	03	D7C2
1889	228B	03	D7C9
1889	22AB	03	D7D0
1889	22CB	E0	D7D7
1889	22EB	03	D7DE
1889	2080	02	D759
1889	20A0	02	D760
1889	20C0	02	D767
1889	20E0	9D	D76E
1889	2100	11	D775
1889	2120	21	D77C
1889	2140	7C	D783
1889	2160	01	D78A
1889	2180	01	D791
1889	21A0	01	D798
1889	21C0	01	D79F
1889	21E0	01	D7A6
1889	2200	01	D7AD
1889	2220	01	D7B4
1889	2240	03	D7BB
1889	2260	03	D7C2
1889	2280	E0	D7C9
1889	22A0	03	D7D0
1889	22C0	03	D7D7
1889	22E0	03	D7DE
1889	208A	1A	D759
1889	20AA	2A	D760
1889	20CA	2D	D767
1889	20EA	0E	D76E
1889	210A	10	D775
1889	212A	20	D77C
1889	214A	0A	D783
1889	216A	00	D78A
1889	218A	24	D791
1889	21AA	24	D798
1889	21CA	33	D79F
1889	21EA	12	D7A6
1889	220A	22	D7AD
1889	222A	03	D7B4
1889	224A	03	D7BB
1889	226A	03	D7C2
1889	228A	03	D7C9
1889	22AA	03	D7D0
1889	22CA	03	D7D7
1889	22EA	03	D7DE
1894	2051	94	D7C2
1894	2052	93	D7C9
1894	2053	95	D7D0
1894	2054	95	D7D7
1894	2055	00	D7DE
1894	2031	00	D7C2
1894	2032	00	D7C9
1894	2033	00	D7D0
1894	2034	00	D7D7
1894	2035	00	D7DE
1894	2043	8B	D7C2
1894	2044	95	D7C9
1894	2045	8E	D7D0
1894	2046	89	D7D7
1894	2047	8F	D7DE
1895	2023	00	D7C2
1895	2024	00	D7C9
1895	2025	00	D7D0
1895	2026	00	D7D7
1895	2027	00	D7DE
1895	2056	D5	D7AD
1895	2057	D5	D7B4
1895	2058	00	D7BB
1895	2059	00	D7C2
1895	205A	00	D7C9
1895	205B	00	D7D0
1895	205C	00	D7D7
1895	205D	00	D7DE
1896	2076	D8	D7AD
1896	2077	D8	D7B4
1896	2078	00	D7BB
1896	2079	00	D7C2
1896	207A	00	D7C9
1896	207B	00	D7D0
1896	207C	00	D7D7
1896	207D	00	D7DE
1896	2048	D5	D7AD
1896	2049	D5	D7B4
1896	204A	00	D7BB
1896	204B	00	D7C2
1896	204C	00	D7C9
1896	204D	00	D7D0
1896	204E	00	D7D7
1896	204F	00	D7DE
1896	2068	D8	D7AD
1896	2069	D8	D7B4
1896	206A	00	D7BB
1896	206B	00	D7C2
1896	206C	00	D7C9
1896	206D	00	D7D0
1896	206E	00	D7D7
1896	206F	00	D7DE
