frame	target	rom_offset	cpu_addr	bytes	ppu_hash	ppu_writes
4	EN-PRE-197	0x05D1B	$9D0B	FF	00000000	0
270	EN-PRE-000	0x056BC	$96AC	99 95 8B 89 FF	2023F469	11096
270	EN-PRE-001	0x056C1	$96B1	89 94 8F 8B 89 93 81 8B 89 FF	2023F469	11096
270	EN-PRE-002	0x056CB	$96BB	94 81 8D 8F FF	2023F469	11096
270	EN-PRE-003	0x056D0	$96C0	93 81 89 9A 8F 88 81 87 89 FF	2023F469	11096
270	EN-PRE-004	0x056DA	$96CA	88 81 93 88 89 8B 8F 93 95 FF	2023F469	11096
270	EN-PRE-005	0x056E4	$96D4	88 81 8E 93 95 8B 8F 95 85 FF	2023F469	11096
270	EN-PRE-006	0x056EE	$96DE	88 89 92 81 FF	2023F469	11096
270	EN-PRE-007	0x056F3	$96E3	88 89 84 85 FF	2023F469	11096
270	EN-PRE-008	0x056F8	$96E8	81 93 88 89 FF	2023F469	11096
270	EN-PRE-009	0x056FD	$96ED	82 85 8E FF	2023F469	11096
270	EN-PRE-010	0x05701	$96F1	FF	2023F469	11096
270	EN-PRE-011	0x05702	$96F2	93 81 89 94 81 8D 8F 85 8D 8F 8D 95 92 81 FF	2023F469	11096
270	EN-PRE-012	0x05711	$9701	93 81 84 81 FF	2023F469	11096
270	EN-PRE-013	0x05716	$9706	93 85 8B 89 FF	2023F469	11096
270	EN-PRE-014	0x0571B	$970B	99 8F 94 93 95 94 8F 8D 8F FF	2023F469	11096
270	EN-PRE-015	0x05725	$9715	8B 95 8D 81 FF	2023F469	11096
270	EN-PRE-016	0x0572A	$971A	97 81 94 81 FF	2023F469	11096
270	EN-PRE-017	0x0572F	$971F	95 92 81 85 FF	2023F469	11096
270	EN-PRE-018	0x05734	$9724	94 8F 8D 85 FF	2023F469	11096
270	EN-PRE-019	0x05739	$9729	8F 8E 8F 8B 89 99 81 94 81 FF	2023F469	11096
270	EN-PRE-020	0x05743	$9733	89 93 8F 92 8F 92 89 88 85 89 83 88 89 85 FF	2023F469	11096
270	EN-PRE-021	0x05752	$9742	93 95 8D 89 FF	2023F469	11096
270	EN-PRE-022	0x05757	$9747	93 88 89 8E FF	2023F469	11096
270	EN-PRE-023	0x0575C	$974C	8D 95 8E 85 FF	2023F469	11096
270	EN-PRE-024	0x05761	$9751	87 85 8E 93 95 8F 89 93 81 FF	2023F469	11096
270	EN-PRE-025	0x0576B	$975B	88 85 8D 8F FF	2023F469	11096
270	EN-PRE-026	0x05770	$9760	99 8F 94 81 FF	2023F469	11096
270	EN-PRE-027	0x05775	$9765	8B 81 8D 85 FF	2023F469	11096
270	EN-PRE-028	0x0577A	$976A	94 81 8B 89 FF	2023F469	11096
270	EN-PRE-029	0x0577F	$976F	88 89 93 81 FF	2023F469	11096
270	EN-PRE-030	0x05784	$9774	93 81 88 85 89 8B 89 93 95 FF	2023F469	11096
270	EN-PRE-031	0x0578E	$977E	8E 8F 92 89 FF	2023F469	11096
270	EN-PRE-032	0x05793	$9783	8B 8F 95 8B 89 93 95 85 8D 81 94 81 8B 85 FF	2023F469	11096
270	EN-PRE-033	0x057A2	$9792	95 8D 85 8D 81 82 8F 82 95 FF	2023F469	11096
270	EN-PRE-034	0x057AC	$979C	99 95 95 85 FF	2023F469	11096
270	EN-PRE-035	0x057B1	$97A1	99 8F 93 88 89 92 89 88 85 FF	2023F469	11096
270	EN-PRE-036	0x057BB	$97AB	88 81 83 88 89 84 85 9A 8F 95 8B 95 8D 89 FF	2023F469	11096
270	EN-PRE-037	0x057CA	$97BA	94 81 92 8F FF	2023F469	11096
270	EN-PRE-038	0x057CF	$97BF	95 92 81 93 81 99 8F 8E 85 FF	2023F469	11096
270	EN-PRE-039	0x057D9	$97C9	93 88 89 8D 81 94 85 92 95 FF	2023F469	11096
270	EN-PRE-040	0x057E3	$97D3	93 95 99 81 FF	2023F469	11096
270	EN-PRE-041	0x057E8	$97D8	8D 8F 92 89 FF	2023F469	11096
270	EN-PRE-042	0x057ED	$97DD	89 93 88 89 FF	2023F469	11096
270	EN-PRE-043	0x057F2	$97E2	93 81 8B 95 FF	2023F469	11096
270	EN-PRE-044	0x057F7	$97E7	95 92 81 8A 89 93 88 89 82 81 8A 8D 87 91 FF	2023F469	11096
270	EN-PRE-045	0x05806	$97F6	93 88 89 92 8F 8A 95 8E 9A 8F 89 8E 85 94 81 81 8B 89 9A 8F 99 95 92 89 FF	2023F469	11096
270	EN-PRE-046	0x0581F	$980F	93 95 94 85 FF	2023F469	11096
270	EN-PRE-047	0x05824	$9814	93 88 95 95 FF	2023F469	11096
270	EN-PRE-048	0x05829	$9819	85 82 89 8E 8F 83 88 89 8A 89 81 94 93 95 FF	2023F469	11096
270	EN-PRE-049	0x05838	$9828	8B 81 8E 81 FF	2023F469	11096
270	EN-PRE-050	0x0583D	$982D	93 95 8B 85 FF	2023F469	11096
270	EN-PRE-051	0x05842	$9832	87 8F 93 95 FF	2023F469	11096
270	EN-PRE-052	0x05847	$9837	94 93 95 8E 8F 8B 89 8B 95 FF	2023F469	11096
270	EN-PRE-053	0x05851	$9841	94 8F 93 88 89 94 93 95 8B 89 8F 82 89 93 81 99 81 93 95 FF	2023F469	11096
270	EN-PRE-054	0x05865	$9855	8B 85 8E 87 8F 8D 81 8E 93 89 8B 81 94 93 95 93 8F 8E 8F FF	2023F469	11096
270	EN-PRE-055	0x05879	$9869	87 8F 93 81 FF	2023F469	11096
270	EN-PRE-056	0x0587E	$986E	94 8F 95 82 85 9A 85 8E 85 FF	2023F469	11096
270	EN-PRE-057	0x05888	$9878	8F 8D 85 8E 8F 8D 8F 83 88 89 93 88 8F 95 FF	2023F469	11096
270	EN-PRE-058	0x05897	$9887	89 8E 87 8F FF	2023F469	11096
270	EN-PRE-059	0x0589C	$988C	8E 85 88 81 FF	2023F469	11096
270	EN-PRE-060	0x058A1	$9891	94 85 8D 81 FF	2023F469	11096
270	EN-PRE-061	0x058A6	$9896	8D 8F 88 85 FF	2023F469	11096
270	EN-PRE-062	0x058AB	$989B	93 8F 8D 85 FF	2023F469	11096
270	EN-PRE-063	0x058B0	$98A0	8B 81 8D 8F FF	2023F469	11096
270	EN-PRE-064	0x058B5	$98A5	8D 81 94 81 FF	2023F469	11096
270	EN-PRE-065	0x058BA	$98AA	95 8B 89 FF	2023F469	11096
270	EN-PRE-066	0x058BE	$98AE	FF	2023F469	11096
270	EN-PRE-067	0x058BF	$98AF	87 8F 92 8F FF	2023F469	11096
270	EN-PRE-068	0x058C4	$98B4	8B 8F 94 81 FF	2023F469	11096
270	EN-PRE-069	0x058C9	$98B9	94 93 95 84 81 89 8E 8F 93 95 95 8D 85 94 81 95 93 95 8B 85 8D 81 8E 87 8F 8E 85 8E 8B 89 8B 95 92 8F FF	2023F469	11096
270	EN-PRE-070	0x058EC	$98DC	94 85 88 81 FF	2023F469	11096
270	EN-PRE-071	0x058F1	$98E1	93 85 8E 82 85 93 85 8E 90 81 88 8F 8D 85 FF	2023F469	11096
270	EN-PRE-072	0x05900	$98F0	94 81 88 81 FF	2023F469	11096
270	EN-PRE-073	0x05905	$98F5	8B 89 83 88 89 8E 85 94 81 FF	2023F469	11096
270	EN-PRE-074	0x0590F	$98FF	94 81 87 8F FF	2023F469	11096
270	EN-PRE-075	0x05914	$9904	8D 81 8E 90 85 8B 85 94 81 FF	2023F469	11096
270	EN-PRE-076	0x0591E	$990E	8B 95 8E 8B 89 8D 8F 8D 8F FF	2023F469	11096
270	EN-PRE-077	0x05928	$9918	94 81 8E 85 FF	2023F469	11096
270	EN-PRE-078	0x0592D	$991D	88 85 8B 8F FF	2023F469	11096
270	EN-PRE-079	0x05932	$9922	8D 81 94 81 81 8D 85 88 85 89 8D 81 93 95 FF	2023F469	11096
270	EN-PRE-080	0x05941	$9931	95 8E 8A 89 FF	2023F469	11096
270	EN-PRE-081	0x05946	$9936	8D 8F 8E 8F FF	2023F469	11096
270	EN-PRE-082	0x0594B	$993B	84 85 8E 93 95 95 8D 85 93 89 8D 81 87 8F FF	2023F469	11096
270	EN-PRE-083	0x0595A	$994A	92 81 88 81 FF	2023F469	11096
270	EN-PRE-084	0x0595F	$994F	8D 8F 88 85 89 93 85 8E 92 8F 83 88 8F 95 FF	2023F469	11096
270	EN-PRE-085	0x0596E	$995E	8B 81 8E FF	2023F469	11096
270	EN-PRE-086	0x05972	$9962	FF	2023F469	11096
270	EN-PRE-087	0x05973	$9963	8B 81 8E 90 81 89 8D 8F 88 81 8D 89 8E 8F FF	2023F469	11096
270	EN-PRE-088	0x05982	$9972	8B 81 8E 94 81 86 95 8E 85 FF	2023F469	11096
270	EN-PRE-089	0x0598C	$997C	8B 81 8E 93 95 93 95 8A 89 FF	2023F469	11096
270	EN-PRE-090	0x05996	$9986	93 89 83 88 89 95 93 88 89 FF	2023F469	11096
270	EN-PRE-091	0x059A0	$9990	92 8F 88 85 89 8B 8F 8D 85 FF	2023F469	11096
270	EN-PRE-092	0x059AA	$999A	87 8F 82 85 85 9A 85 8E 8A 89 93 95 8E 85 FF	2023F469	11096
270	EN-PRE-093	0x059B9	$99A9	8B 89 8E 85 FF	2023F469	11096
270	EN-PRE-094	0x059BE	$99AE	93 95 9A 95 FF	2023F469	11096
270	EN-PRE-095	0x059C3	$99B3	89 8E 85 8D 8F 88 81 94 81 FF	2023F469	11096
270	EN-PRE-096	0x059CD	$99BD	95 8E 8F 8D 81 99 81 85 8E 8F 8E 85 8B 89 FF	2023F469	11096
270	EN-PRE-104	0x05AAD	$9A9D	81 FF FF FF FF FF	2023F469	11096
270	EN-PRE-105	0x05AB3	$9AA3	81 82 FF FF FF FF FF FF	2023F469	11096
270	EN-PRE-107	0x05AC2	$9AB2	83 84 FF FF FF FF FF FF FF	2023F469	11096
270	EN-PRE-108	0x05ACB	$9ABB	85 86 FF FF FF FF	2023F469	11096
270	EN-PRE-111	0x05AE2	$9AD2	87 88 84 FF FF FF FF FF FF	2023F469	11096
270	EN-PRE-112	0x05AEB	$9ADB	84 89 FF FF FF FF FF FF FF	2023F469	11096
270	EN-PRE-116	0x05B0B	$9AFB	8A 8B FF FF FF FF FF FF	2023F469	11096
270	EN-PRE-117	0x05B13	$9B03	8C 8D FF FF FF FF FF FF	2023F469	11096
270	EN-PRE-118	0x05B1B	$9B0B	8E FF FF FF FF FF FF FF FF	2023F469	11096
270	EN-PRE-119	0x05B24	$9B14	8F FF FF FF FF FF FF FF	2023F469	11096
270	EN-PRE-122	0x05B3D	$9B2D	90 91 FF FF FF FF FF	2023F469	11096
270	EN-PRE-123	0x05B44	$9B34	92 FF FF FF FF	2023F469	11096
270	EN-PRE-124	0x05B49	$9B39	93 FF FF FF FF	2023F469	11096
270	EN-PRE-125	0x05B4E	$9B3E	94 FF FF FF FF	2023F469	11096
270	EN-PRE-126	0x05B53	$9B43	93 8F 95 90 FF	2023F469	11096
270	EN-PRE-127	0x05B58	$9B48	89 8D 8F FF	2023F469	11096
270	EN-PRE-128	0x05B5C	$9B4C	86 89 93 88 FF	2023F469	11096
270	EN-PRE-129	0x05B61	$9B51	95 FF FF FF FF FF FF FF	2023F469	11096
270	EN-PRE-130	0x05B69	$9B59	96 FF FF FF FF FF	2023F469	11096
270	EN-PRE-131	0x05B6F	$9B5F	97 98 92 FF FF FF FF FF FF	2023F469	11096
270	EN-PRE-132	0x05B78	$9B68	8D 81 8E 8A 95 95 FF	2023F469	11096
270	EN-PRE-133	0x05B7F	$9B6F	92 FF FF FF FF FF	2023F469	11096
270	EN-PRE-134	0x05B85	$9B75	96 FF FF FF FF FF	2023F469	11096
270	EN-PRE-135	0x05B8B	$9B7B	99 FF FF FF FF FF FF FF FF	2023F469	11096
270	EN-PRE-136	0x05B94	$9B84	94 8F 8E 89 83 FF	2023F469	11096
270	EN-PRE-138	0x05BA2	$9B92	99 FF FF FF FF FF FF	2023F469	11096
270	EN-PRE-151	0x05BFD	$9BED	FF	2023F469	11096
270	EN-PRE-160	0x05C36	$9C26	84 8F 95 82 8C 85 95 90 FF	2023F469	11096
270	EN-PRE-169	0x05C7B	$9C6B	87 8F 8F 84 94 89 8D 85 FF	2023F469	11096
270	EN-PRE-174	0x05CA3	$9C93	FF	2023F469	11096
270	EN-PRE-175	0x05CA4	$9C94	FF	2023F469	11096
270	EN-PRE-177	0x05CAC	$9C9C	92 81 89 8E 83 8F 81 94 FF	2023F469	11096
270	EN-PRE-178	0x05CB5	$9CA5	FF	2023F469	11096
270	EN-PRE-179	0x05CB6	$9CA6	FF	2023F469	11096
270	EN-PRE-180	0x05CB7	$9CA7	FF	2023F469	11096
270	EN-PRE-181	0x05CB8	$9CA8	FF	2023F469	11096
270	EN-PRE-183	0x05CD6	$9CC6	96 89 94 FF	2023F469	11096
270	EN-PRE-184	0x05CDA	$9CCA	90 95 8E 83 88 FF	2023F469	11096
270	EN-PRE-185	0x05CE0	$9CD0	9A FF FF FF FF	2023F469	11096
270	EN-PRE-186	0x05CE5	$9CD5	97 90 8E FF	2023F469	11096
270	EN-PRE-187	0x05CE9	$9CD9	94 88 92 8F 97 FF	2023F469	11096
270	EN-PRE-188	0x05CEF	$9CDF	81 87 89 FF	2023F469	11096
270	EN-PRE-189	0x05CF3	$9CE3	97 89 8C 8C FF	2023F469	11096
270	EN-PRE-190	0x05CF8	$9CE8	84 85 86 FF	2023F469	11096
270	EN-PRE-191	0x05CFC	$9CEC	93 94 92 FF	2023F469	11096
270	EN-PRE-194	0x05D11	$9D01	93 95 92 95 87 81 FF	2023F469	11096
270	EN-PRE-195	0x05D18	$9D08	9A FF	2023F469	11096
270	EN-PRE-196	0x05D1A	$9D0A	FF	2023F469	11096
270	EN-PRE-198	0x05D1C	$9D0C	FF	2023F469	11096
270	EN-PRE-199	0x05D1D	$9D0D	8B 8F 95 9A FF	2023F469	11096
270	EN-PRE-200	0x05D22	$9D12	FF	2023F469	11096
270	EN-PRE-201	0x05D23	$9D13	92 89 8B 95 83 FF	2023F469	11096
270	EN-PRE-202	0x05D29	$9D19	85 83 83 88 95 FF	2023F469	11096
270	EN-PRE-203	0x05D2F	$9D1F	89 8E 81 FF	2023F469	11096
270	EN-PRE-204	0x05D33	$9D23	FF	2023F469	11096
270	EN-PRE-205	0x05D34	$9D24	FF	2023F469	11096
270	EN-PRE-206	0x05D35	$9D25	8B 81 97 FF	2023F469	11096
270	EN-PRE-207	0x05D39	$9D29	FF	2023F469	11096
270	EN-PRE-208	0x05D3A	$9D2A	FF	2023F469	11096
270	EN-PRE-209	0x05D3B	$9D2B	94 8F FF	2023F469	11096
270	EN-PRE-210	0x05D3E	$9D2E	FF	2023F469	11096
270	EN-PRE-211	0x05D3F	$9D2F	FF	2023F469	11096
270	EN-PRE-212	0x05D40	$9D30	FF	2023F469	11096
270	EN-PRE-213	0x05D41	$9D31	8E 81 87 FF	2023F469	11096
270	EN-PRE-214	0x05D45	$9D35	FF	2023F469	11096
270	EN-PRE-215	0x05D46	$9D36	FF	2023F469	11096
270	EN-PRE-216	0x05D47	$9D37	88 89 9A FF	2023F469	11096
270	EN-PRE-217	0x05D4B	$9D3B	FF	2023F469	11096
270	EN-PRE-218	0x05D4C	$9D3C	FF	2023F469	11096
270	EN-PRE-220	0x05D51	$9D41	8F 84 84 FF	2023F469	11096
